05,03,06,06,52.885
05,03,06,07,59.201
05,03,06,08,66.414
05,03,06,09,81.721
05,03,06,10,82.621
05,03,06,11,76.322
05,03,06,12,78.122
05,03,06,13,95.205
05,03,06,14,103.285
05,03,06,15,75.421
05,03,06,16,71.819
05,03,06,17,61.005
05,03,06,18,56.495
05,03,06,19,54.69
05,03,06,20,56.495
05,03,06,21,56.495
05,03,06,22,56.495
05,03,06,23,56.495
05,04,06,00,54.69
05,04,06,01,54.69
05,04,06,02,53.788
05,04,06,03,53.788
05,04,06,04,53.788
05,04,06,05,51.08
05,04,06,06,51.08
05,04,06,07,54.69
05,04,06,08,59.201
05,04,06,09,60.103
05,04,06,10,77.222
05,04,06,11,92.51
05,04,06,12,85.319
05,04,06,13,97.001
05,04,06,14,77.222
05,04,06,15,54.69
05,04,06,16,61.005
05,04,06,17,54.69
05,04,06,18,47.468
05,04,06,19,41.143
05,04,06,20,38.431
05,04,06,21,39.335
05,04,06,22,38.431
05,04,06,23,38.431
05,05,06,00,38.431
05,05,06,01,39.335
05,05,06,02,39.335
05,05,06,03,41.143
05,05,06,04,42.951
05,05,06,05,42.951
05,05,06,06,49.274
05,05,06,07,58.299
05,05,06,08,100.593
05,05,06,09,73.621
05,05,06,10,71.819
05,05,06,11,70.919
05,05,06,12,88.016
05,05,06,13,79.922
05,05,06,14,88.016
05,05,06,15,99.695
05,05,06,16,67.315
05,05,06,17,64.611
05,05,06,18,57.397
05,05,06,19,57.397
05,05,06,20,57.397
05,05,06,21,57.397
05,05,06,22,56.495
05,05,06,23,58.299
05,06,06,00,53.788
05,06,06,01,52.885
05,06,06,02,52.885
05,06,06,03,51.982
05,06,06,04,51.982
05,06,06,05,46.564
05,06,06,06,53.788
05,06,06,07,68.216
05,06,06,08,61.005
05,06,06,09,80.821
05,06,06,10,71.819
05,06,06,11,81.721
05,06,06,12,92.51
05,06,06,13,88.915
05,06,06,14,89.814
05,06,06,15,85.319
05,06,06,16,96.103
05,06,06,17,74.521
05,06,06,18,66.414
05,06,06,19,63.71
05,06,06,20,61.005
05,06,06,21,60.103
05,06,06,22,59.201
05,06,06,23,58.299
05,07,06,00,58.299
05,07,06,01,57.397
05,07,06,02,56.495
05,07,06,03,55.592
05,07,06,04,54.69
05,07,06,05,53.788
05,07,06,06,58.299
05,07,06,07,69.117
05,07,06,08,71.819
05,07,06,09,87.117
05,07,06,10,101.49
05,07,06,11,90.713
05,07,06,12,81.721
05,07,06,13,100.593
05,07,06,14,90.713
05,07,06,15,97.899
05,07,06,16,83.52
05,07,06,17,75.421
05,07,06,18,69.117
05,07,06,19,61.906
05,07,06,20,56.495
05,07,06,21,55.592
05,07,06,22,53.788
05,07,06,23,51.982
05,08,06,00,51.982
05,08,06,01,50.177
05,08,06,02,49.274
05,08,06,03,47.468
05,08,06,04,46.564
05,08,06,05,48.371
05,08,06,06,55.592
05,08,06,07,59.201
05,08,06,08,82.621
05,08,06,09,78.122
05,08,06,10,81.721
05,08,06,11,80.821
05,08,06,12,79.922
05,08,06,13,79.922
05,08,06,14,79.922
05,08,06,15,79.022
05,08,06,16,78.122
05,08,06,17,79.922
05,08,06,18,79.922
05,08,06,19,79.022
05,08,06,20,78.122
05,08,06,21,77.222
05,08,06,22,76.322
05,08,06,23,75.421
05,09,06,00,74.521
05,09,06,01,73.621
05,09,06,02,72.72
05,09,06,03,72.72
05,09,06,04,71.819
05,09,06,05,70.919
05,09,06,06,70.919
05,09,06,07,70.919
05,09,06,08,71.819
05,09,06,09,71.819
05,09,06,10,71.819
05,09,06,11,71.819
05,09,06,12,72.72
05,09,06,13,73.621
05,09,06,14,74.521
05,09,06,15,74.521
05,09,06,16,75.421
05,09,06,17,78.122
05,09,06,18,78.122
05,09,06,19,76.322
05,09,06,20,74.521
05,09,06,21,73.621
05,09,06,22,73.621
05,09,06,23,72.72
05,10,06,00,72.72
05,10,06,01,71.819
05,10,06,02,70.919
05,10,06,03,70.919
05,10,06,04,70.018
05,10,06,05,58.299
05,10,06,06,52.885
05,10,06,07,62.808
05,10,06,08,77.222
05,10,06,09,81.721
05,10,06,10,87.117
05,10,06,11,86.218
05,10,06,12,105.977
05,10,06,13,102.388
05,10,06,14,78.122
05,10,06,15,88.016
05,10,06,16,82.621
05,10,06,17,80.821
05,10,06,18,83.52
05,10,06,19,70.018
05,10,06,20,64.611
05,10,06,21,62.808
05,10,06,22,60.103
05,10,06,23,58.299
05,11,06,00,57.397
05,11,06,01,56.495
05,11,06,02,53.788
05,11,06,03,52.885
05,11,06,04,51.08
05,11,06,05,51.08
05,11,06,06,70.919
05,11,06,07,74.521
05,11,06,08,87.117
05,11,06,09,103.285
05,11,06,10,100.593
05,11,06,11,88.915
05,11,06,12,114.047
05,11,06,13,105.08
05,11,06,14,114.944
05,11,06,15,109.565
05,11,06,16,94.307
05,11,06,17,84.419
05,11,06,18,70.919
05,11,06,19,61.906
05,11,06,20,62.808
05,11,06,21,59.201
05,11,06,22,57.397
05,11,06,23,57.397
05,12,06,00,56.495
05,12,06,01,54.69
05,12,06,02,52.885
05,12,06,03,51.08
05,12,06,04,49.274
05,12,06,05,47.468
05,12,06,06,57.397
05,12,06,07,69.117
05,12,06,08,72.72
05,12,06,09,85.319
05,12,06,10,87.117
05,12,06,11,78.122
05,12,06,12,75.421
05,12,06,13,116.736
05,12,06,14,82.621
05,12,06,15,101.49
05,12,06,16,88.915
05,12,06,17,61.005
05,12,06,18,60.103
05,12,06,19,56.495
05,12,06,20,54.69
05,12,06,21,54.69
05,12,06,22,53.788
05,12,06,23,52.885
05,13,06,00,52.885
05,13,06,01,53.788
05,13,06,02,51.982
05,13,06,03,50.177
05,13,06,04,49.274
05,13,06,05,51.08
05,13,06,06,68.216
05,13,06,07,76.322
05,13,06,08,62.808
05,13,06,09,75.421
05,13,06,10,80.821
05,13,06,11,82.621
05,13,06,12,84.419
05,13,06,13,77.222
05,13,06,14,75.421
05,13,06,15,74.521
05,13,06,16,75.421
05,13,06,17,76.322
05,13,06,18,77.222
05,13,06,19,77.222
05,13,06,20,77.222
05,13,06,21,76.322
05,13,06,22,75.421
05,13,06,23,74.521
05,14,06,00,72.72
05,14,06,01,71.819
05,14,06,02,70.919
05,14,06,03,70.018
05,14,06,04,69.117
05,14,06,05,68.216
05,14,06,06,67.315
05,14,06,07,67.315
05,14,06,08,68.216
05,14,06,09,69.117
05,14,06,10,69.117
05,14,06,11,70.018
05,14,06,12,71.819
05,14,06,13,73.621
05,14,06,14,74.521
05,14,06,15,76.322
05,14,06,16,78.122
05,14,06,17,81.721
05,14,06,18,81.721
05,14,06,19,81.721
05,14,06,20,81.721
05,14,06,21,81.721
05,14,06,22,80.821
05,14,06,23,79.022
05,15,06,00,78.122
05,15,06,01,75.421
05,15,06,02,74.521
05,15,06,03,73.621
05,15,06,04,72.72
05,15,06,05,71.819
05,15,06,06,70.919
05,15,06,07,70.919
05,15,06,08,72.72
05,15,06,09,72.72
05,15,06,10,73.621
05,15,06,11,75.421
05,15,06,12,77.222
05,15,06,13,76.322
05,15,06,14,76.322
05,15,06,15,77.222
05,15,06,16,79.022
05,15,06,17,79.022
05,15,06,18,79.922
05,15,06,19,79.022
05,15,06,20,78.122
05,15,06,21,76.322
05,15,06,22,75.421
05,15,06,23,73.621
05,16,06,00,72.72
05,16,06,01,71.819
05,16,06,02,70.919
05,16,06,03,69.117
05,16,06,04,68.216
05,16,06,05,67.315
05,16,06,06,67.315
05,16,06,07,68.216
05,16,06,08,70.018
05,16,06,09,70.018
05,16,06,10,77.222
05,16,06,11,81.721
05,16,06,12,84.419
05,16,06,13,79.922
05,16,06,14,79.922
05,16,06,15,78.122
05,16,06,16,76.322
05,16,06,17,79.922
05,16,06,18,62.808
05,16,06,19,56.495
05,16,06,20,56.495
05,16,06,21,54.69
05,16,06,22,55.592
05,16,06,23,56.495
05,17,06,00,54.69
05,17,06,01,55.592
05,17,06,02,54.69
05,17,06,03,54.69
05,17,06,04,54.69
05,17,06,05,56.495
05,17,06,06,60.103
05,17,06,07,70.018
05,17,06,08,74.521
05,17,06,09,90.713
05,17,06,10,87.117
05,17,06,11,96.103
05,17,06,12,97.899
05,17,06,13,122.11
05,17,06,14,109.565
05,17,06,15,107.771
05,17,06,16,114.047
05,17,06,17,96.103
05,17,06,18,91.611
05,17,06,19,86.218
05,17,06,20,93.408
05,17,06,21,91.611
05,17,06,22,92.51
05,17,06,23,91.611
05,18,06,00,90.713
05,18,06,01,88.915
05,18,06,02,86.218
05,18,06,03,84.419
05,18,06,04,82.621
05,18,06,05,69.117
05,18,06,06,71.819
05,18,06,07,79.922
05,18,06,08,85.319
05,18,06,09,94.307
05,18,06,10,105.977
05,18,06,11,116.736
05,18,06,12,99.695
05,18,06,13,104.183
05,18,06,14,106.874
05,18,06,15,113.151
05,18,06,16,100.593
05,18,06,17,91.611
05,18,06,18,85.319
05,18,06,19,83.52
05,18,06,20,81.721
05,18,06,21,79.022
05,18,06,22,76.322
05,18,06,23,74.521
05,19,06,00,72.72
05,19,06,01,71.819
05,19,06,02,70.018
05,19,06,03,68.216
05,19,06,04,68.216
05,19,06,05,61.906
05,19,06,06,60.103
05,19,06,07,75.421
05,19,06,08,88.016
05,19,06,09,84.419
05,19,06,10,98.797
05,19,06,11,77.222
05,19,06,12,98.797
05,19,06,13,92.51
05,19,06,14,89.814
05,19,06,15,75.421
05,19,06,16,79.922
05,19,06,17,64.611
05,19,06,18,59.201
05,19,06,19,64.611
05,19,06,20,61.906
05,19,06,21,60.103
05,19,06,22,60.103
05,19,06,23,60.103
05,20,06,00,60.103
05,20,06,01,60.103
05,20,06,02,60.103
05,20,06,03,59.201
05,20,06,04,59.201
05,20,06,05,53.788
05,20,06,06,48.371
05,20,06,07,61.906
05,20,06,08,68.216
05,20,06,09,70.018
05,20,06,10,79.922
05,20,06,11,77.222
05,20,06,12,87.117
05,20,06,13,78.122
05,20,06,14,105.08
05,20,06,15,74.521
05,20,06,16,70.018
05,20,06,17,65.512
05,20,06,18,62.808
05,20,06,19,61.005
05,20,06,20,60.103
05,20,06,21,59.201
05,20,06,22,58.299
05,20,06,23,54.69
05,21,06,00,56.495
05,21,06,01,57.397
05,21,06,02,54.69
05,21,06,03,53.788
05,21,06,04,52.885
05,21,06,05,50.177
05,21,06,06,50.177
05,21,06,07,65.512
05,21,06,08,71.819
05,21,06,09,79.022
05,21,06,10,75.421
05,21,06,11,75.421
05,21,06,12,79.922
05,21,06,13,74.521
05,21,06,14,75.421
05,21,06,15,71.819
05,21,06,16,68.216
05,21,06,17,60.103
05,21,06,18,53.788
05,21,06,19,54.69
05,21,06,20,55.592
05,21,06,21,55.592
05,21,06,22,54.69
05,21,06,23,54.69
05,22,06,00,54.69
05,22,06,01,51.982
05,22,06,02,52.885
05,22,06,03,51.08
05,22,06,04,49.274
05,22,06,05,47.468
05,22,06,06,46.564
05,22,06,07,50.177
05,22,06,08,46.564
05,22,06,09,42.047
05,22,06,10,47.468
05,22,06,11,55.592
05,22,06,12,58.299
05,22,06,13,74.521
05,22,06,14,66.414
05,22,06,15,61.005
05,22,06,16,88.016
05,22,06,17,63.71
05,22,06,18,55.592
05,22,06,19,55.592
05,22,06,20,52.885
05,22,06,21,51.08
05,22,06,22,48.371
05,22,06,23,46.564
05,23,06,00,45.661
05,23,06,01,43.854
05,23,06,02,43.854
05,23,06,03,42.951
05,23,06,04,42.047
05,23,06,05,41.143
05,23,06,06,46.564
05,23,06,07,81.721
05,23,06,08,74.521
05,23,06,09,79.922
05,23,06,10,86.218
05,23,06,11,97.001
05,23,06,12,73.621
05,23,06,13,97.899
05,23,06,14,92.51
05,23,06,15,80.821
05,23,06,16,88.016
05,23,06,17,86.218
05,23,06,18,77.222
05,23,06,19,71.819
05,23,06,20,68.216
05,23,06,21,66.414
05,23,06,22,64.611
05,23,06,23,62.808
05,24,06,00,61.005
05,24,06,01,60.103
05,24,06,02,59.201
05,24,06,03,57.397
05,24,06,04,56.495
05,24,06,05,52.885
05,24,06,06,51.982
05,24,06,07,66.414
05,24,06,08,106.874
05,24,06,09,87.117
05,24,06,10,73.621
05,24,06,11,72.72
05,24,06,12,123.901
05,24,06,13,115.84
05,24,06,14,99.695
05,24,06,15,93.408
05,24,06,16,94.307
05,24,06,17,84.419
05,24,06,18,72.72
05,24,06,19,70.919
05,24,06,20,69.117
05,24,06,21,67.315
05,24,06,22,67.315
05,24,06,23,63.71
05,25,06,00,63.71
05,25,06,01,62.808
05,25,06,02,63.71
05,25,06,03,61.906
05,25,06,04,61.005
05,25,06,05,52.885
05,25,06,06,61.906
05,25,06,07,71.819
05,25,06,08,74.521
05,25,06,09,97.001
05,25,06,10,92.51
05,25,06,11,85.319
05,25,06,12,110.461
05,25,06,13,98.797
05,25,06,14,103.285
05,25,06,15,87.117
05,25,06,16,64.611
05,25,06,17,63.71
05,25,06,18,61.005
05,25,06,19,62.808
05,25,06,20,61.906
05,25,06,21,61.005
05,25,06,22,59.201
05,25,06,23,58.299
05,26,06,00,57.397
05,26,06,01,57.397
05,26,06,02,56.495
05,26,06,03,56.495
05,26,06,04,56.495
05,26,06,05,55.592
05,26,06,06,59.201
05,26,06,07,59.201
05,26,06,08,59.201
05,26,06,09,78.122
05,26,06,10,79.022
05,26,06,11,77.222
05,26,06,12,77.222
05,26,06,13,76.322
05,26,06,14,77.222
05,26,06,15,79.022
05,26,06,16,81.721
05,26,06,17,81.721
05,26,06,18,81.721
05,26,06,19,79.922
05,26,06,20,78.122
05,26,06,21,78.122
05,26,06,22,77.222
05,26,06,23,75.421
05,27,06,00,73.621
05,27,06,01,72.72
05,27,06,02,70.919
05,27,06,03,70.018
05,27,06,04,68.216
05,27,06,05,67.315
05,27,06,06,65.512
05,27,06,07,65.512
05,27,06,08,66.414
05,27,06,09,66.414
05,27,06,10,67.315
05,27,06,11,69.117
05,27,06,12,70.018
05,27,06,13,72.72
05,27,06,14,75.421
05,27,06,15,75.421
05,27,06,16,75.421
05,27,06,17,73.621
05,27,06,18,70.919
05,27,06,19,68.216
05,27,06,20,66.414
05,27,06,21,65.512
05,27,06,22,64.611
05,27,06,23,63.71
05,28,06,00,62.808
05,28,06,01,61.906
05,28,06,02,61.005
05,28,06,03,61.005
05,28,06,04,61.005
05,28,06,05,61.005
05,28,06,06,60.103
05,28,06,07,61.005
05,28,06,08,61.906
05,28,06,09,64.611
05,28,06,10,62.808
05,28,06,11,61.906
05,28,06,12,70.018
05,28,06,13,59.201
05,28,06,14,57.397
05,28,06,15,56.495
05,28,06,16,56.495
05,28,06,17,48.371
05,28,06,18,45.661
05,28,06,19,44.758
05,28,06,20,43.854
05,28,06,21,41.143
05,28,06,22,39.335
05,28,06,23,38.431
05,29,06,00,37.527
05,29,06,01,37.527
05,29,06,02,37.527
05,29,06,03,37.527
05,29,06,04,36.623
05,29,06,05,38.431
05,29,06,06,44.758
05,29,06,07,61.005
05,29,06,08,61.906
05,29,06,09,90.713
05,29,06,10,79.022
05,29,06,11,87.117
05,29,06,12,90.713
05,29,06,13,108.668
05,29,06,14,106.874
05,29,06,15,80.821
05,29,06,16,71.819
05,29,06,17,58.299
05,29,06,18,52.885
05,29,06,19,58.299
05,29,06,20,56.495
05,29,06,21,55.592
05,29,06,22,52.885
05,29,06,23,51.982
05,30,06,00,51.982
05,30,06,01,54.69
05,30,06,02,51.08
05,30,06,03,51.08
05,30,06,04,51.08
05,30,06,05,48.371
05,30,06,06,50.177
05,30,06,07,63.71
05,30,06,08,59.201
05,30,06,09,80.821
05,30,06,10,88.016
05,30,06,11,92.51
05,30,06,12,71.819
05,30,06,13,84.419
05,30,06,14,92.51
05,30,06,15,77.222
05,30,06,16,74.521
05,30,06,17,68.216
05,30,06,18,75.421
05,30,06,19,63.71
05,30,06,20,59.201
05,30,06,21,59.201
05,30,06,22,56.495
05,30,06,23,56.495
05,31,06,00,56.495
05,31,06,01,54.69
05,31,06,02,55.592
05,31,06,03,55.592
05,31,06,04,55.592
05,31,06,05,58.299
05,31,06,06,55.592
05,31,06,07,73.621
05,31,06,08,71.819
05,31,06,09,87.117
05,31,06,10,110.461
05,31,06,11,115.84
05,31,06,12,91.611
05,31,06,13,92.51
05,31,06,14,89.814
05,31,06,15,97.001
05,31,06,16,106.874
05,31,06,17,89.814
05,31,06,18,79.922
05,31,06,19,71.819
05,31,06,20,68.216
05,31,06,21,61.005
05,31,06,22,65.512
05,31,06,23,65.512
06,01,06,00,66.414
06,01,06,01,66.414
06,01,06,02,64.611
06,01,06,03,66.414
06,01,06,04,67.315
06,01,06,05,68.216
06,01,06,06,56.495
06,01,06,07,70.919
06,01,06,08,97.899
06,01,06,09,97.899
06,01,06,10,97.899
06,01,06,11,98.797
06,01,06,12,97.899
06,01,06,13,97.001
06,01,06,14,96.103
06,01,06,15,88.915
06,01,06,16,87.117
06,01,06,17,90.713
06,01,06,18,82.621
06,01,06,19,76.322
06,01,06,20,70.018
06,01,06,21,66.414
06,01,06,22,69.117
06,01,06,23,69.117
06,02,06,00,68.216
06,02,06,01,68.216
06,02,06,02,67.315
06,02,06,03,66.414
06,02,06,04,66.414
06,02,06,05,65.512
06,02,06,06,71.819
06,02,06,07,77.222
06,02,06,08,84.419
06,02,06,09,88.915
06,02,06,10,90.713
06,02,06,11,91.611
06,02,06,12,101.49
06,02,06,13,104.183
06,02,06,14,100.593
06,02,06,15,89.814
06,02,06,16,87.117
06,02,06,17,92.51
06,02,06,18,84.419
06,02,06,19,76.322
06,02,06,20,78.122
06,02,06,21,78.122
06,02,06,22,75.421
06,02,06,23,74.521
06,03,06,00,73.621
06,03,06,01,71.819
06,03,06,02,70.919
06,03,06,03,70.018
06,03,06,04,69.117
06,03,06,05,67.315
06,03,06,06,66.414
06,03,06,07,76.322
06,03,06,08,74.521
06,03,06,09,82.621
06,03,06,10,92.51
06,03,06,11,103.285
06,03,06,12,102.388
06,03,06,13,102.388
06,03,06,14,95.205
06,03,06,15,96.103
06,03,06,16,100.593
06,03,06,17,92.51
06,03,06,18,80.821
06,03,06,19,76.322
06,03,06,20,66.414
06,03,06,21,61.906
06,03,06,22,65.512
06,03,06,23,63.71
06,04,06,00,61.005
06,04,06,01,61.005
06,04,06,02,61.005
06,04,06,03,60.103
06,04,06,04,66.414
06,04,06,05,68.216
06,04,06,06,69.117
06,04,06,07,79.922
06,04,06,08,85.319
06,04,06,09,101.49
06,04,06,10,87.117
06,04,06,11,91.611
06,04,06,12,114.047
06,04,06,13,90.713
06,04,06,14,83.52
06,04,06,15,80.821
06,04,06,16,90.713
06,04,06,17,71.819
06,04,06,18,76.322
06,04,06,19,66.414
06,04,06,20,65.512
06,04,06,21,65.512
06,04,06,22,65.512
06,04,06,23,64.611
06,05,06,00,63.71
06,05,06,01,62.808
06,05,06,02,62.808
06,05,06,03,62.808
06,05,06,04,63.71
06,05,06,05,65.512
06,05,06,06,60.103
06,05,06,07,82.621
06,05,06,08,75.421
06,05,06,09,82.621
06,05,06,10,83.52
06,05,06,11,98.797
06,05,06,12,79.022
06,05,06,13,97.001
06,05,06,14,114.047
06,05,06,15,96.103
06,05,06,16,86.218
06,05,06,17,84.419
06,05,06,18,80.821
06,05,06,19,74.521
06,05,06,20,69.117
06,05,06,21,67.315
06,05,06,22,66.414
06,05,06,23,65.512
06,06,06,00,65.512
06,06,06,01,63.71
06,06,06,02,62.808
06,06,06,03,61.906
06,06,06,04,63.71
06,06,06,05,64.611
06,06,06,06,64.611
06,06,06,07,78.122
06,06,06,08,87.117
06,06,06,09,117.632
06,06,06,10,104.183
06,06,06,11,100.593
06,06,06,12,97.899
06,06,06,13,99.695
06,06,06,14,96.103
06,06,06,15,89.814
06,06,06,16,89.814
06,06,06,17,79.022
06,06,06,18,75.421
06,06,06,19,74.521
06,06,06,20,73.621
06,06,06,21,73.621
06,06,06,22,72.72
06,06,06,23,71.819
06,07,06,00,70.919
06,07,06,01,69.117
06,07,06,02,66.414
06,07,06,03,65.512
06,07,06,04,64.611
06,07,06,05,61.906
06,07,06,06,67.315
06,07,06,07,79.022
06,07,06,08,79.922
06,07,06,09,80.821
06,07,06,10,85.319
06,07,06,11,97.899
06,07,06,12,79.922
06,07,06,13,85.319
06,07,06,14,100.593
06,07,06,15,88.915
06,07,06,16,91.611
06,07,06,17,77.222
06,07,06,18,73.621
06,07,06,19,71.819
06,07,06,20,70.919
06,07,06,21,70.018
06,07,06,22,69.117
06,07,06,23,68.216
06,08,06,00,67.315
06,08,06,01,67.315
06,08,06,02,66.414
06,08,06,03,65.512
06,08,06,04,65.512
06,08,06,05,64.611
06,08,06,06,64.611
06,08,06,07,64.611
06,08,06,08,65.512
06,08,06,09,66.414
06,08,06,10,68.216
06,08,06,11,70.919
06,08,06,12,70.919
06,08,06,13,72.72
06,08,06,14,75.421
06,08,06,15,76.322
06,08,06,16,77.222
06,08,06,17,73.621
06,08,06,18,72.72
06,08,06,19,71.819
06,08,06,20,70.919
06,08,06,21,70.919
06,08,06,22,70.018
06,08,06,23,69.117
06,09,06,00,70.919
06,09,06,01,70.919
06,09,06,02,71.819
06,09,06,03,71.819
06,09,06,04,71.819
06,09,06,05,72.72
06,09,06,06,71.819
06,09,06,07,70.919
06,09,06,08,70.018
06,09,06,09,70.919
06,09,06,10,73.621
06,09,06,11,72.72
06,09,06,12,89.814
06,09,06,13,70.919
06,09,06,14,77.222
06,09,06,15,74.521
06,09,06,16,73.621
06,09,06,17,73.621
06,09,06,18,73.621
06,09,06,19,72.72
06,09,06,20,72.72
06,09,06,21,72.72
06,09,06,22,71.819
06,09,06,23,70.919
06,10,06,00,70.018
06,10,06,01,70.919
06,10,06,02,71.819
06,10,06,03,71.819
06,10,06,04,71.819
06,10,06,05,71.819
06,10,06,06,71.819
06,10,06,07,72.72
06,10,06,08,72.72
06,10,06,09,72.72
06,10,06,10,72.72
06,10,06,11,71.819
06,10,06,12,71.819
06,10,06,13,71.819
06,10,06,14,71.819
06,10,06,15,71.819
06,10,06,16,71.819
06,10,06,17,71.819
06,10,06,18,70.919
06,10,06,19,70.919
06,10,06,20,71.819
06,10,06,21,72.72
06,10,06,22,72.72
06,10,06,23,70.919
06,11,06,00,72.72
06,11,06,01,73.621
06,11,06,02,71.819
06,11,06,03,71.819
06,11,06,04,71.819
06,11,06,05,72.72
06,11,06,06,72.72
06,11,06,07,72.72
06,11,06,08,73.621
06,11,06,09,73.621
06,11,06,10,73.621
06,11,06,11,74.521
06,11,06,12,74.521
06,11,06,13,74.521
06,11,06,14,74.521
06,11,06,15,74.521
06,11,06,16,74.521
06,11,06,17,74.521
06,11,06,18,74.521
06,11,06,19,73.621
06,11,06,20,72.72
06,11,06,21,71.819
06,11,06,22,71.819
06,11,06,23,71.819
06,12,06,00,71.819
06,12,06,01,71.819
06,12,06,02,70.919
06,12,06,03,70.919
06,12,06,04,70.018
06,12,06,05,69.117
06,12,06,06,69.117
06,12,06,07,69.117
06,12,06,08,70.919
06,12,06,09,69.117
06,12,06,10,68.216
06,12,06,11,69.117
06,12,06,12,69.117
06,12,06,13,71.819
06,12,06,14,73.621
06,12,06,15,74.521
06,12,06,16,74.521
06,12,06,17,74.521
06,12,06,18,75.421
06,12,06,19,72.72
06,12,06,20,72.72
06,12,06,21,73.621
06,12,06,22,72.72
06,12,06,23,71.819
06,13,06,00,70.919
06,13,06,01,70.018
06,13,06,02,70.018
06,13,06,03,70.018
06,13,06,04,70.018
06,13,06,05,69.117
06,13,06,06,69.117
06,13,06,07,69.117
06,13,06,08,70.018
06,13,06,09,70.919
06,13,06,10,70.919
06,13,06,11,71.819
06,13,06,12,73.621
06,13,06,13,74.521
06,13,06,14,74.521
06,13,06,15,73.621
06,13,06,16,72.72
06,13,06,17,72.72
06,13,06,18,72.72
06,13,06,19,72.72
06,13,06,20,72.72
06,13,06,21,72.72
06,13,06,22,72.72
06,13,06,23,72.72
06,14,06,00,72.72
06,14,06,01,72.72
06,14,06,02,71.819
06,14,06,03,71.819
06,14,06,04,71.819
06,14,06,05,70.919
06,14,06,06,70.919
06,14,06,07,71.819
06,14,06,08,70.018
06,14,06,09,73.621
06,14,06,10,79.022
06,14,06,11,72.72
06,14,06,12,79.022
06,14,06,13,85.319
06,14,06,14,90.713
06,14,06,15,77.222
06,14,06,16,69.117
06,14,06,17,64.611
06,14,06,18,58.299
06,14,06,19,60.103
06,14,06,20,59.201
06,14,06,21,59.201
06,14,06,22,59.201
06,14,06,23,59.201
06,15,06,00,58.299
06,15,06,01,57.397
06,15,06,02,57.397
06,15,06,03,56.495
06,15,06,04,56.495
06,15,06,05,52.885
06,15,06,06,45.661
06,15,06,07,52.885
06,15,06,08,56.495
06,15,06,09,63.71
06,15,06,10,78.122
06,15,06,11,70.919
06,15,06,12,81.721
06,15,06,13,78.122
06,15,06,14,88.915
06,15,06,15,80.821
06,15,06,16,70.018
06,15,06,17,60.103
06,15,06,18,56.495
06,15,06,19,54.69
06,15,06,20,51.08
06,15,06,21,50.177
06,15,06,22,48.371
06,15,06,23,46.564
06,16,06,00,46.564
06,16,06,01,44.758
06,16,06,02,43.854
06,16,06,03,42.047
06,16,06,04,41.143
06,16,06,05,41.143
06,16,06,06,49.274
06,16,06,07,66.414
06,16,06,08,68.216
06,16,06,09,74.521
06,16,06,10,82.621
06,16,06,11,102.388
06,16,06,12,100.593
06,16,06,13,93.408
06,16,06,14,90.713
06,16,06,15,101.49
06,16,06,16,91.611
06,16,06,17,94.307
06,16,06,18,74.521
06,16,06,19,69.117
06,16,06,20,65.512
06,16,06,21,64.611
06,16,06,22,63.71
06,16,06,23,61.906
06,17,06,00,61.005
06,17,06,01,61.005
06,17,06,02,60.103
06,17,06,03,59.201
06,17,06,04,59.201
06,17,06,05,62.808
06,17,06,06,59.201
06,17,06,07,70.919
06,17,06,08,70.018
06,17,06,09,88.016
06,17,06,10,90.713
06,17,06,11,88.016
06,17,06,12,90.713
06,17,06,13,99.695
06,17,06,14,97.899
06,17,06,15,95.205
06,17,06,16,98.797
06,17,06,17,74.521
06,17,06,18,71.819
06,17,06,19,66.414
06,17,06,20,62.808
06,17,06,21,61.005
06,17,06,22,60.103
06,17,06,23,59.201
06,18,06,00,59.201
06,18,06,01,58.299
06,18,06,02,58.299
06,18,06,03,57.397
06,18,06,04,56.495
06,18,06,05,58.299
06,18,06,06,63.71
06,18,06,07,73.621
06,18,06,08,94.307
06,18,06,09,85.319
06,18,06,10,71.819
06,18,06,11,79.922
06,18,06,12,88.915
06,18,06,13,97.899
06,18,06,14,87.117
06,18,06,15,97.001
06,18,06,16,79.022
06,18,06,17,92.51
06,18,06,18,83.52
06,18,06,19,70.018
06,18,06,20,66.414
06,18,06,21,61.906
06,18,06,22,61.906
06,18,06,23,58.299
06,19,06,00,59.201
06,19,06,01,57.397
06,19,06,02,56.495
06,19,06,03,53.788
06,19,06,04,52.885
06,19,06,05,57.397
06,19,06,06,59.201
06,19,06,07,73.621
06,19,06,08,66.414
06,19,06,09,68.216
06,19,06,10,70.919
06,19,06,11,86.218
06,19,06,12,83.52
06,19,06,13,102.388
06,19,06,14,103.285
06,19,06,15,79.022
06,19,06,16,84.419
06,19,06,17,79.022
06,19,06,18,68.216
06,19,06,19,60.103
06,19,06,20,53.788
06,19,06,21,49.274
06,19,06,22,51.08
06,19,06,23,49.274
06,20,06,00,46.564
06,20,06,01,45.661
06,20,06,02,48.371
06,20,06,03,48.371
06,20,06,04,48.371
06,20,06,05,51.08
06,20,06,06,59.201
06,20,06,07,67.315
06,20,06,08,67.315
06,20,06,09,79.922
06,20,06,10,84.419
06,20,06,11,92.51
06,20,06,12,81.721
06,20,06,13,81.721
06,20,06,14,82.621
06,20,06,15,82.621
06,20,06,16,80.821
06,20,06,17,79.922
06,20,06,18,77.222
06,20,06,19,72.72
06,20,06,20,68.216
06,20,06,21,61.005
06,20,06,22,57.397
06,20,06,23,54.69
06,21,06,00,51.982
06,21,06,01,50.177
06,21,06,02,47.468
06,21,06,03,45.661
06,21,06,04,43.854
06,21,06,05,43.854
06,21,06,06,47.468
06,21,06,07,61.005
06,21,06,08,73.621
06,21,06,09,81.721
06,21,06,10,90.713
06,21,06,11,93.408
06,21,06,12,96.103
06,21,06,13,79.022
06,21,06,14,88.915
06,21,06,15,77.222
06,21,06,16,97.899
06,21,06,17,76.322
06,21,06,18,72.72
06,21,06,19,58.299
06,21,06,20,61.906
06,21,06,21,61.906
06,21,06,22,61.906
06,21,06,23,61.005
06,22,06,00,61.005
06,22,06,01,60.103
06,22,06,02,60.103
06,22,06,03,59.201
06,22,06,04,59.201
06,22,06,05,54.69
06,22,06,06,49.274
06,22,06,07,53.788
06,22,06,08,67.315
06,22,06,09,80.821
06,22,06,10,94.307
06,22,06,11,93.408
06,22,06,12,88.016
06,22,06,13,78.122
06,22,06,14,79.022
06,22,06,15,88.915
06,22,06,16,73.621
06,22,06,17,69.117
06,22,06,18,67.315
06,22,06,19,62.808
06,22,06,20,59.201
06,22,06,21,56.495
06,22,06,22,55.592
06,22,06,23,54.69
06,23,06,00,52.885
06,23,06,01,51.982
06,23,06,02,50.177
06,23,06,03,50.177
06,23,06,04,49.274
06,23,06,05,44.758
06,23,06,06,57.397
06,23,06,07,61.906
06,23,06,08,62.808
06,23,06,09,63.71
06,23,06,10,70.919
06,23,06,11,79.022
06,23,06,12,66.414
06,23,06,13,90.713
06,23,06,14,95.205
06,23,06,15,99.695
06,23,06,16,70.018
06,23,06,17,70.018
06,23,06,18,63.71
06,23,06,19,53.788
06,23,06,20,54.69
06,23,06,21,52.885
06,23,06,22,51.982
06,23,06,23,50.177
06,24,06,00,49.274
06,24,06,01,48.371
06,24,06,02,48.371
06,24,06,03,47.468
06,24,06,04,46.564
06,24,06,05,45.661
06,24,06,06,42.047
06,24,06,07,57.397
06,24,06,08,81.721
06,24,06,09,97.899
06,24,06,10,89.814
06,24,06,11,85.319
06,24,06,12,75.421
06,24,06,13,95.205
06,24,06,14,92.51
06,24,06,15,77.222
06,24,06,16,68.216
06,24,06,17,68.216
06,24,06,18,65.512
06,24,06,19,59.201
06,24,06,20,54.69
06,24,06,21,54.69
06,24,06,22,53.788
06,24,06,23,53.788
06,25,06,00,52.885
06,25,06,01,52.885
06,25,06,02,52.885
06,25,06,03,52.885
06,25,06,04,51.982
06,25,06,05,46.564
06,25,06,06,50.177
06,25,06,07,60.103
06,25,06,08,74.521
06,25,06,09,67.315
06,25,06,10,76.322
06,25,06,11,75.421
06,25,06,12,79.022
06,25,06,13,95.205
06,25,06,14,87.117
06,25,06,15,67.315
06,25,06,16,70.919
06,25,06,17,68.216
06,25,06,18,61.906
06,25,06,19,54.69
06,25,06,20,51.982
06,25,06,21,51.08
06,25,06,22,49.274
06,25,06,23,49.274
06,26,06,00,49.274
06,26,06,01,48.371
06,26,06,02,48.371
06,26,06,03,47.468
06,26,06,04,45.661
06,26,06,05,48.371
06,26,06,06,51.08
06,26,06,07,58.299
06,26,06,08,64.611
06,26,06,09,70.018
06,26,06,10,83.52
06,26,06,11,95.205
06,26,06,12,105.08
06,26,06,13,88.915
06,26,06,14,89.814
06,26,06,15,78.122
06,26,06,16,80.821
06,26,06,17,88.016
06,26,06,18,88.016
06,26,06,19,88.016
06,26,06,20,88.915
06,26,06,21,78.122
06,26,06,22,71.819
06,26,06,23,70.018
06,27,06,00,68.216
06,27,06,01,68.216
06,27,06,02,67.315
06,27,06,03,66.414
06,27,06,04,66.414
06,27,06,05,65.512
06,27,06,06,65.512
06,27,06,07,70.018
06,27,06,08,72.72
06,27,06,09,74.521
06,27,06,10,76.322
06,27,06,11,78.122
06,27,06,12,79.022
06,27,06,13,80.821
06,27,06,14,82.621
06,27,06,15,75.421
06,27,06,16,72.72
06,27,06,17,71.819
06,27,06,18,72.72
06,27,06,19,72.72
06,27,06,20,73.621
06,27,06,21,71.819
06,27,06,22,71.819
06,27,06,23,70.919
06,28,06,00,70.018
06,28,06,01,70.018
06,28,06,02,70.018
06,28,06,03,70.018
06,28,06,04,70.018
06,28,06,05,70.018
06,28,06,06,70.018
06,28,06,07,70.919
06,28,06,08,72.72
06,28,06,09,73.621
06,28,06,10,74.521
06,28,06,11,77.222
06,28,06,12,77.222
06,28,06,13,78.122
06,28,06,14,79.022
06,28,06,15,73.621
06,28,06,16,72.72
06,28,06,17,72.72
06,28,06,18,72.72
06,28,06,19,72.72
06,28,06,20,75.421
06,28,06,21,78.122
06,28,06,22,78.122
06,28,06,23,77.222
06,29,06,00,77.222
06,29,06,01,77.222
06,29,06,02,76.322
06,29,06,03,76.322
06,29,06,04,76.322
06,29,06,05,75.421
06,29,06,06,61.005
06,29,06,07,79.022
06,29,06,08,79.922
06,29,06,09,52.885
06,29,06,10,79.022
06,29,06,11,67.315
06,29,06,12,70.018
06,29,06,13,87.117
06,29,06,14,66.414
06,29,06,15,87.117
06,29,06,16,86.218
06,29,06,17,79.022
06,29,06,18,64.611
06,29,06,19,59.201
06,29,06,20,61.906
06,29,06,21,59.201
06,29,06,22,58.299
06,29,06,23,58.299
06,30,06,00,56.495
06,30,06,01,54.69
06,30,06,02,53.788
06,30,06,03,52.885
06,30,06,04,51.982
06,30,06,05,48.371
06,30,06,06,48.371
06,30,06,07,51.08
06,30,06,08,61.005
06,30,06,09,75.421
06,30,06,10,68.216
06,30,06,11,76.322
06,30,06,12,88.016
06,30,06,13,74.521
06,30,06,14,68.216
06,30,06,15,70.919
06,30,06,16,85.319
06,30,06,17,71.819
06,30,06,18,61.005
06,30,06,19,52.885
06,30,06,20,46.564
06,30,06,21,44.758
06,30,06,22,44.758
06,30,06,23,42.047
07,01,06,00,42.047
07,01,06,01,42.047
07,01,06,02,42.047
07,01,06,03,40.239
07,01,06,04,37.527
07,01,06,05,39.335
07,01,06,06,58.299
07,01,06,07,62.808
07,01,06,08,51.08
07,01,06,09,64.611
07,01,06,10,79.022
07,01,06,11,90.713
07,01,06,12,75.421
07,01,06,13,88.915
07,01,06,14,88.915
07,01,06,15,103.285
07,01,06,16,96.103
07,01,06,17,68.216
07,01,06,18,58.299
07,01,06,19,55.592
07,01,06,20,52.885
07,01,06,21,51.08
07,01,06,22,50.177
07,01,06,23,49.274
07,02,06,00,47.468
07,02,06,01,47.468
07,02,06,02,46.564
07,02,06,03,45.661
07,02,06,04,44.758
07,02,06,05,47.468
07,02,06,06,43.854
07,02,06,07,51.982
07,02,06,08,79.922
07,02,06,09,57.397
07,02,06,10,77.222
07,02,06,11,88.016
07,02,06,12,83.52
07,02,06,13,91.611
07,02,06,14,77.222
07,02,06,15,79.922
07,02,06,16,74.521
07,02,06,17,75.421
07,02,06,18,61.906
07,02,06,19,57.397
07,02,06,20,53.788
07,02,06,21,51.08
07,02,06,22,50.177
07,02,06,23,48.371
07,03,06,00,47.468
07,03,06,01,46.564
07,03,06,02,45.661
07,03,06,03,42.951
07,03,06,04,41.143
07,03,06,05,38.431
07,03,06,06,42.951
07,03,06,07,44.758
07,03,06,08,61.906
07,03,06,09,69.117
07,03,06,10,84.419
07,03,06,11,84.419
07,03,06,12,69.117
07,03,06,13,85.319
07,03,06,14,88.915
07,03,06,15,88.915
07,03,06,16,88.016
07,03,06,17,68.216
07,03,06,18,58.299
07,03,06,19,58.299
07,03,06,20,53.788
07,03,06,21,51.982
07,03,06,22,50.177
07,03,06,23,49.274
07,04,06,00,48.371
07,04,06,01,48.371
07,04,06,02,47.468
07,04,06,03,46.564
07,04,06,04,46.564
07,04,06,05,47.468
07,04,06,06,47.468
07,04,06,07,60.103
07,04,06,08,82.621
07,04,06,09,66.414
07,04,06,10,71.819
07,04,06,11,72.72
07,04,06,12,79.922
07,04,06,13,74.521
07,04,06,14,72.72
07,04,06,15,67.315
07,04,06,16,65.512
07,04,06,17,74.521
07,04,06,18,70.919
07,04,06,19,67.315
07,04,06,20,66.414
07,04,06,21,60.103
07,04,06,22,57.397
07,04,06,23,54.69
07,05,06,00,52.885
07,05,06,01,50.177
07,05,06,02,50.177
07,05,06,03,48.371
07,05,06,04,47.468
07,05,06,05,47.468
07,05,06,06,49.274
07,05,06,07,53.788
07,05,06,08,65.512
07,05,06,09,91.611
07,05,06,10,71.819
07,05,06,11,71.819
07,05,06,12,78.122
07,05,06,13,79.922
07,05,06,14,70.018
07,05,06,15,82.621
07,05,06,16,76.322
07,05,06,17,65.512
07,05,06,18,74.521
07,05,06,19,58.299
07,05,06,20,52.885
07,05,06,21,51.08
07,05,06,22,49.274
07,05,06,23,47.468
07,06,06,00,45.661
07,06,06,01,43.854
07,06,06,02,43.854
07,06,06,03,42.951
07,06,06,04,42.951
07,06,06,05,42.047
07,06,06,06,40.239
07,06,06,07,50.177
07,06,06,08,56.495
07,06,06,09,67.315
07,06,06,10,83.52
07,06,06,11,84.419
07,06,06,12,103.285
07,06,06,13,89.814
07,06,06,14,91.611
07,06,06,15,95.205
07,06,06,16,105.977
07,06,06,17,68.216
07,06,06,18,66.414
07,06,06,19,61.906
07,06,06,20,58.299
07,06,06,21,58.299
07,06,06,22,55.592
07,06,06,23,54.69
07,07,06,00,53.788
07,07,06,01,52.885
07,07,06,02,51.982
07,07,06,03,51.08
07,07,06,04,50.177
07,07,06,05,50.177
07,07,06,06,49.274
07,07,06,07,54.69
07,07,06,08,79.922
07,07,06,09,70.018
07,07,06,10,75.421
07,07,06,11,100.593
07,07,06,12,109.565
07,07,06,13,103.285
07,07,06,14,97.001
07,07,06,15,82.621
07,07,06,16,78.122
07,07,06,17,66.414
07,07,06,18,61.005
07,07,06,19,54.69
07,07,06,20,54.69
07,07,06,21,52.885
07,07,06,22,47.468
07,07,06,23,46.564
07,08,06,00,45.661
07,08,06,01,44.758
07,08,06,02,43.854
07,08,06,03,42.951
07,08,06,04,42.047
07,08,06,05,42.047
07,08,06,06,42.951
07,08,06,07,60.103
07,08,06,08,69.117
07,08,06,09,97.899
07,08,06,10,87.117
07,08,06,11,88.016
07,08,06,12,77.222
07,08,06,13,102.388
07,08,06,14,94.307
07,08,06,15,70.018
07,08,06,16,71.819
07,08,06,17,64.611
07,08,06,18,66.414
07,08,06,19,62.808
07,08,06,20,60.103
07,08,06,21,58.299
07,08,06,22,56.495
07,08,06,23,55.592
07,09,06,00,54.69
07,09,06,01,53.788
07,09,06,02,53.788
07,09,06,03,52.885
07,09,06,04,51.982
07,09,06,05,51.982
07,09,06,06,51.982
07,09,06,07,55.592
07,09,06,08,56.495
07,09,06,09,58.299
07,09,06,10,61.005
07,09,06,11,68.216
07,09,06,12,76.322
07,09,06,13,79.022
07,09,06,14,73.621
07,09,06,15,69.117
07,09,06,16,66.414
07,09,06,17,62.808
07,09,06,18,61.005
07,09,06,19,60.103
07,09,06,20,58.299
07,09,06,21,57.397
07,09,06,22,57.397
07,09,06,23,55.592
07,10,06,00,54.69
07,10,06,01,53.788
07,10,06,02,53.788
07,10,06,03,52.885
07,10,06,04,51.982
07,10,06,05,51.982
07,10,06,06,44.758
07,10,06,07,51.982
07,10,06,08,66.414
07,10,06,09,83.52
07,10,06,10,84.419
07,10,06,11,79.922
07,10,06,12,118.527
07,10,06,13,83.52
07,10,06,14,85.319
07,10,06,15,83.52
07,10,06,16,78.122
07,10,06,17,83.52
07,10,06,18,76.322
07,10,06,19,67.315
07,10,06,20,64.611
07,10,06,21,65.512
07,10,06,22,63.71
07,10,06,23,61.906
07,11,06,00,61.005
07,11,06,01,59.201
07,11,06,02,58.299
07,11,06,03,57.397
07,11,06,04,56.495
07,11,06,05,55.592
07,11,06,06,50.177
07,11,06,07,63.71
07,11,06,08,67.315
07,11,06,09,75.421
07,11,06,10,69.117
07,11,06,11,81.721
07,11,06,12,102.388
07,11,06,13,82.621
07,11,06,14,88.915
07,11,06,15,79.922
07,11,06,16,70.018
07,11,06,17,66.414
07,11,06,18,63.71
07,11,06,19,58.299
07,11,06,20,60.103
07,11,06,21,58.299
07,11,06,22,57.397
07,11,06,23,56.495
07,12,06,00,54.69
07,12,06,01,49.274
07,12,06,02,49.274
07,12,06,03,49.274
07,12,06,04,50.177
07,12,06,05,42.047
07,12,06,06,39.335
07,12,06,07,46.564
07,12,06,08,62.808
07,12,06,09,66.414
07,12,06,10,68.216
07,12,06,11,72.72
07,12,06,12,66.414
07,12,06,13,80.821
07,12,06,14,73.621
07,12,06,15,64.611
07,12,06,16,67.315
07,12,06,17,65.512
07,12,06,18,60.103
07,12,06,19,61.005
07,12,06,20,53.788
07,12,06,21,49.274
07,12,06,22,47.468
07,12,06,23,45.661
07,13,06,00,43.854
07,13,06,01,42.047
07,13,06,02,40.239
07,13,06,03,39.335
07,13,06,04,37.527
07,13,06,05,43.854
07,13,06,06,49.274
07,13,06,07,55.592
07,13,06,08,74.521
07,13,06,09,70.919
07,13,06,10,74.521
07,13,06,11,89.814
07,13,06,12,73.621
07,13,06,13,83.52
07,13,06,14,87.117
07,13,06,15,79.022
07,13,06,16,79.922
07,13,06,17,88.915
07,13,06,18,66.414
07,13,06,19,63.71
07,13,06,20,61.906
07,13,06,21,60.103
07,13,06,22,59.201
07,13,06,23,58.299
07,14,06,00,57.397
07,14,06,01,55.592
07,14,06,02,54.69
07,14,06,03,53.788
07,14,06,04,52.885
07,14,06,05,52.885
07,14,06,06,50.177
07,14,06,07,58.299
07,14,06,08,65.512
07,14,06,09,70.919
07,14,06,10,83.52
07,14,06,11,83.52
07,14,06,12,72.72
07,14,06,13,105.08
07,14,06,14,100.593
07,14,06,15,91.611
07,14,06,16,93.408
07,14,06,17,74.521
07,14,06,18,65.512
07,14,06,19,62.808
07,14,06,20,60.103
07,14,06,21,61.906
07,14,06,22,60.103
07,14,06,23,59.201
07,15,06,00,59.201
07,15,06,01,57.397
07,15,06,02,54.69
07,15,06,03,54.69
07,15,06,04,53.788
07,15,06,05,52.885
07,15,06,06,59.201
07,15,06,07,75.421
07,15,06,08,61.906
07,15,06,09,60.103
07,15,06,10,78.122
07,15,06,11,73.621
07,15,06,12,79.922
07,15,06,13,69.117
07,15,06,14,90.713
07,15,06,15,86.218
07,15,06,16,89.814
07,15,06,17,72.72
07,15,06,18,69.117
07,15,06,19,64.611
07,15,06,20,61.005
07,15,06,21,58.299
07,15,06,22,54.69
07,15,06,23,52.885
07,16,06,00,52.885
07,16,06,01,51.08
07,16,06,02,50.177
07,16,06,03,49.274
07,16,06,04,48.371
07,16,06,05,47.468
07,16,06,06,46.564
07,16,06,07,66.414
07,16,06,08,65.512
07,16,06,09,86.218
07,16,06,10,85.319
07,16,06,11,86.218
07,16,06,12,76.322
07,16,06,13,76.322
07,16,06,14,105.08
07,16,06,15,87.117
07,16,06,16,89.814
07,16,06,17,72.72
07,16,06,18,68.216
07,16,06,19,64.611
07,16,06,20,62.808
07,16,06,21,61.005
07,16,06,22,61.005
07,16,06,23,60.103
07,17,06,00,59.201
07,17,06,01,59.201
07,17,06,02,59.201
07,17,06,03,59.201
07,17,06,04,60.103
07,17,06,05,59.201
07,17,06,06,59.201
07,17,06,07,64.611
07,17,06,08,75.421
07,17,06,09,79.022
07,17,06,10,87.117
07,17,06,11,99.695
07,17,06,12,82.621
07,17,06,13,81.721
07,17,06,14,97.899
07,17,06,15,95.205
07,17,06,16,83.52
07,17,06,17,79.922
07,17,06,18,86.218
07,17,06,19,70.018
07,17,06,20,67.315
07,17,06,21,67.315
07,17,06,22,63.71
07,17,06,23,61.906
07,18,06,00,60.103
07,18,06,01,59.201
07,18,06,02,58.299
07,18,06,03,61.005
07,18,06,04,58.299
07,18,06,05,54.69
07,18,06,06,61.906
07,18,06,07,62.808
07,18,06,08,72.72
07,18,06,09,82.621
07,18,06,10,92.51
07,18,06,11,98.797
07,18,06,12,96.103
07,18,06,13,97.899
07,18,06,14,98.797
07,18,06,15,79.922
07,18,06,16,88.016
07,18,06,17,82.621
07,18,06,18,79.922
07,18,06,19,80.821
07,18,06,20,79.922
07,18,06,21,81.721
07,18,06,22,79.922
07,18,06,23,80.821
07,19,06,00,79.922
07,19,06,01,79.022
07,19,06,02,79.022
07,19,06,03,78.122
07,19,06,04,77.222
07,19,06,05,76.322
07,19,06,06,75.421
07,19,06,07,75.421
07,19,06,08,75.421
07,19,06,09,75.421
07,19,06,10,76.322
07,19,06,11,77.222
07,19,06,12,78.122
07,19,06,13,79.022
07,19,06,14,79.922
07,19,06,15,81.721
07,19,06,16,82.621
07,19,06,17,77.222
07,19,06,18,78.122
07,19,06,19,77.222
07,19,06,20,78.122
07,19,06,21,75.421
07,19,06,22,79.022
07,19,06,23,79.922
07,20,06,00,79.022
07,20,06,01,79.022
07,20,06,02,78.122
07,20,06,03,77.222
07,20,06,04,76.322
07,20,06,05,75.421
07,20,06,06,74.521
07,20,06,07,75.421
07,20,06,08,75.421
07,20,06,09,77.222
07,20,06,10,79.022
07,20,06,11,77.222
07,20,06,12,72.72
07,20,06,13,72.72
07,20,06,14,73.621
07,20,06,15,72.72
07,20,06,16,72.72
07,20,06,17,72.72
07,20,06,18,72.72
07,20,06,19,72.72
07,20,06,20,73.621
07,20,06,21,74.521
07,20,06,22,75.421
07,20,06,23,76.322
07,21,06,00,76.322
07,21,06,01,76.322
07,21,06,02,76.322
07,21,06,03,75.421
07,21,06,04,75.421
07,21,06,05,74.521
07,21,06,06,74.521
07,21,06,07,67.315
07,21,06,08,70.919
07,21,06,09,76.322
07,21,06,10,67.315
07,21,06,11,80.821
07,21,06,12,71.819
07,21,06,13,72.72
07,21,06,14,79.922
07,21,06,15,81.721
07,21,06,16,82.621
07,21,06,17,69.117
07,21,06,18,67.315
07,21,06,19,67.315
07,21,06,20,67.315
07,21,06,21,66.414
07,21,06,22,64.611
07,21,06,23,63.71
07,22,06,00,61.906
07,22,06,01,61.005
07,22,06,02,60.103
07,22,06,03,60.103
07,22,06,04,59.201
07,22,06,05,53.788
07,22,06,06,60.103
07,22,06,07,61.005
07,22,06,08,69.117
07,22,06,09,73.621
07,22,06,10,77.222
07,22,06,11,90.713
07,22,06,12,100.593
07,22,06,13,76.322
07,22,06,14,96.103
07,22,06,15,85.319
07,22,06,16,86.218
07,22,06,17,93.408
07,22,06,18,69.117
07,22,06,19,67.315
07,22,06,20,65.512
07,22,06,21,60.103
07,22,06,22,59.201
07,22,06,23,59.201
07,23,06,00,58.299
07,23,06,01,58.299
07,23,06,02,57.397
07,23,06,03,56.495
07,23,06,04,55.592
07,23,06,05,55.592
07,23,06,06,61.005
07,23,06,07,66.414
07,23,06,08,75.421
07,23,06,09,85.319
07,23,06,10,82.621
07,23,06,11,100.593
07,23,06,12,94.307
07,23,06,13,82.621
07,23,06,14,86.218
07,23,06,15,97.001
07,23,06,16,97.899
07,23,06,17,79.922
07,23,06,18,76.322
07,23,06,19,67.315
07,23,06,20,67.315
07,23,06,21,61.005
07,23,06,22,59.201
07,23,06,23,58.299
07,24,06,00,57.397
07,24,06,01,56.495
07,24,06,02,55.592
07,24,06,03,53.788
07,24,06,04,52.885
07,24,06,05,51.982
07,24,06,06,57.397
07,24,06,07,78.122
07,24,06,08,74.521
07,24,06,09,80.821
07,24,06,10,99.695
07,24,06,11,90.713
07,24,06,12,88.016
07,24,06,13,103.285
07,24,06,14,101.49
07,24,06,15,92.51
07,24,06,16,92.51
07,24,06,17,89.814
07,24,06,18,90.713
07,24,06,19,92.51
07,24,06,20,91.611
07,24,06,21,90.713
07,24,06,22,88.915
07,24,06,23,88.016
07,25,06,00,86.218
07,25,06,01,85.319
07,25,06,02,83.52
07,25,06,03,82.621
07,25,06,04,80.821
07,25,06,05,79.922
07,25,06,06,79.022
07,25,06,07,79.922
07,25,06,08,80.821
07,25,06,09,81.721
07,25,06,10,82.621
07,25,06,11,85.319
07,25,06,12,87.117
07,25,06,13,92.51
07,25,06,14,91.611
07,25,06,15,105.977
07,25,06,16,84.419
07,25,06,17,82.621
07,25,06,18,81.721
07,25,06,19,69.117
07,25,06,20,66.414
07,25,06,21,73.621
07,25,06,22,73.621
07,25,06,23,73.621
07,26,06,00,72.72
07,26,06,01,71.819
07,26,06,02,70.919
07,26,06,03,70.919
07,26,06,04,70.018
07,26,06,05,62.808
07,26,06,06,63.71
07,26,06,07,70.919
07,26,06,08,72.72
07,26,06,09,78.122
07,26,06,10,72.72
07,26,06,11,83.52
07,26,06,12,85.319
07,26,06,13,105.977
07,26,06,14,102.388
07,26,06,15,105.08
07,26,06,16,91.611
07,26,06,17,97.899
07,26,06,18,79.922
07,26,06,19,67.315
07,26,06,20,59.201
07,26,06,21,62.808
07,26,06,22,61.906
07,26,06,23,61.005
07,27,06,00,60.103
07,27,06,01,60.103
07,27,06,02,60.103
07,27,06,03,60.103
07,27,06,04,60.103
07,27,06,05,60.103
07,27,06,06,65.512
07,27,06,07,71.819
07,27,06,08,82.621
07,27,06,09,81.721
07,27,06,10,84.419
07,27,06,11,93.408
07,27,06,12,90.713
07,27,06,13,100.593
07,27,06,14,101.49
07,27,06,15,88.915
07,27,06,16,78.122
07,27,06,17,79.922
07,27,06,18,70.018
07,27,06,19,65.512
07,27,06,20,61.906
07,27,06,21,62.808
07,27,06,22,62.808
07,27,06,23,61.005
07,28,06,00,61.906
07,28,06,01,61.906
07,28,06,02,60.103
07,28,06,03,56.495
07,28,06,04,55.592
07,28,06,05,51.982
07,28,06,06,61.005
07,28,06,07,56.495
07,28,06,08,68.216
07,28,06,09,69.117
07,28,06,10,111.358
07,28,06,11,107.771
07,28,06,12,88.016
07,28,06,13,100.593
07,28,06,14,86.218
07,28,06,15,83.52
07,28,06,16,79.022
07,28,06,17,70.919
07,28,06,18,67.315
07,28,06,19,61.005
07,28,06,20,63.71
07,28,06,21,59.201
07,28,06,22,58.299
07,28,06,23,56.495
07,29,06,00,53.788
07,29,06,01,51.982
07,29,06,02,51.08
07,29,06,03,50.177
07,29,06,04,48.371
07,29,06,05,46.564
07,29,06,06,57.397
07,29,06,07,56.495
07,29,06,08,66.414
07,29,06,09,74.521
07,29,06,10,93.408
07,29,06,11,114.944
07,29,06,12,95.205
07,29,06,13,86.218
07,29,06,14,90.713
07,29,06,15,95.205
07,29,06,16,82.621
07,29,06,17,73.621
07,29,06,18,63.71
07,29,06,19,61.005
07,29,06,20,58.299
07,29,06,21,57.397
07,29,06,22,56.495
07,29,06,23,56.495
07,30,06,00,55.592
07,30,06,01,54.69
07,30,06,02,54.69
07,30,06,03,53.788
07,30,06,04,52.885
07,30,06,05,52.885
07,30,06,06,51.08
07,30,06,07,51.982
07,30,06,08,74.521
07,30,06,09,65.512
07,30,06,10,68.216
07,30,06,11,78.122
07,30,06,12,81.721
07,30,06,13,69.117
07,30,06,14,87.117
07,30,06,15,74.521
07,30,06,16,77.222
07,30,06,17,96.103
07,30,06,18,76.322
07,30,06,19,74.521
07,30,06,20,73.621
07,30,06,21,74.521
07,30,06,22,74.521
07,30,06,23,74.521
07,31,06,00,75.421
07,31,06,01,73.621
07,31,06,02,72.72
07,31,06,03,71.819
07,31,06,04,71.819
07,31,06,05,70.919
07,31,06,06,70.018
07,31,06,07,70.919
07,31,06,08,72.72
07,31,06,09,73.621
07,31,06,10,73.621
07,31,06,11,72.72
07,31,06,12,72.72
07,31,06,13,72.72
07,31,06,14,72.72
07,31,06,15,73.621
07,31,06,16,74.521
07,31,06,17,74.521
07,31,06,18,74.521
07,31,06,19,74.521
07,31,06,20,74.521
07,31,06,21,75.421
07,31,06,22,73.621
07,31,06,23,72.72
08,01,06,00,71.819
08,01,06,01,71.819
08,01,06,02,70.919
08,01,06,03,70.018
08,01,06,04,69.117
08,01,06,05,69.117
08,01,06,06,68.216
08,01,06,07,69.117
08,01,06,08,71.819
08,01,06,09,80.821
08,01,06,10,78.122
08,01,06,11,78.122
08,01,06,12,72.72
08,01,06,13,77.222
08,01,06,14,80.821
08,01,06,15,86.218
08,01,06,16,82.621
08,01,06,17,74.521
08,01,06,18,67.315
08,01,06,19,66.414
08,01,06,20,61.005
08,01,06,21,55.592
08,01,06,22,51.982
08,01,06,23,49.274
08,02,06,00,48.371
08,02,06,01,47.468
08,02,06,02,46.564
08,02,06,03,45.661
08,02,06,04,44.758
08,02,06,05,42.951
08,02,06,06,39.335
08,02,06,07,54.69
08,02,06,08,61.005
08,02,06,09,70.919
08,02,06,10,70.919
08,02,06,11,70.018
08,02,06,12,75.421
08,02,06,13,88.915
08,02,06,14,67.315
08,02,06,15,94.307
08,02,06,16,89.814
08,02,06,17,102.388
08,02,06,18,89.814
08,02,06,19,72.72
08,02,06,20,68.216
08,02,06,21,67.315
08,02,06,22,66.414
08,02,06,23,64.611
08,03,06,00,63.71
08,03,06,01,60.103
08,03,06,02,59.201
08,03,06,03,57.397
08,03,06,04,57.397
08,03,06,05,52.885
08,03,06,06,49.274
08,03,06,07,61.906
08,03,06,08,66.414
08,03,06,09,70.018
08,03,06,10,86.218
08,03,06,11,92.51
08,03,06,12,107.771
08,03,06,13,116.736
08,03,06,14,112.255
08,03,06,15,99.695
08,03,06,16,105.977
08,03,06,17,104.183
08,03,06,18,83.52
08,03,06,19,78.122
08,03,06,20,70.919
08,03,06,21,66.414
08,03,06,22,64.611
08,03,06,23,62.808
08,04,06,00,60.103
08,04,06,01,59.201
08,04,06,02,58.299
08,04,06,03,57.397
08,04,06,04,55.592
08,04,06,05,53.788
08,04,06,06,53.788
08,04,06,07,59.201
08,04,06,08,63.71
08,04,06,09,80.821
08,04,06,10,76.322
08,04,06,11,81.721
08,04,06,12,83.52
08,04,06,13,101.49
08,04,06,14,94.307
08,04,06,15,89.814
08,04,06,16,90.713
08,04,06,17,88.016
08,04,06,18,81.721
08,04,06,19,71.819
08,04,06,20,69.117
08,04,06,21,70.018
08,04,06,22,68.216
08,04,06,23,66.414
08,05,06,00,65.512
08,05,06,01,64.611
08,05,06,02,62.808
08,05,06,03,61.906
08,05,06,04,62.808
08,05,06,05,60.103
08,05,06,06,63.71
08,05,06,07,66.414
08,05,06,08,65.512
08,05,06,09,70.018
08,05,06,10,77.222
08,05,06,11,85.319
08,05,06,12,81.721
08,05,06,13,79.922
08,05,06,14,91.611
08,05,06,15,92.51
08,05,06,16,80.821
08,05,06,17,71.819
08,05,06,18,66.414
08,05,06,19,61.906
08,05,06,20,60.103
08,05,06,21,59.201
08,05,06,22,57.397
08,05,06,23,56.495
08,06,06,00,56.495
08,06,06,01,57.397
08,06,06,02,57.397
08,06,06,03,56.495
08,06,06,04,56.495
08,06,06,05,56.495
08,06,06,06,58.299
08,06,06,07,59.201
08,06,06,08,66.414
08,06,06,09,81.721
08,06,06,10,79.922
08,06,06,11,78.122
08,06,06,12,87.117
08,06,06,13,82.621
08,06,06,14,86.218
08,06,06,15,90.713
08,06,06,16,79.022
08,06,06,17,81.721
08,06,06,18,79.922
08,06,06,19,74.521
08,06,06,20,70.919
08,06,06,21,70.018
08,06,06,22,68.216
08,06,06,23,68.216
08,07,06,00,65.512
08,07,06,01,63.71
08,07,06,02,62.808
08,07,06,03,62.808
08,07,06,04,63.71
08,07,06,05,65.512
08,07,06,06,63.71
08,07,06,07,64.611
08,07,06,08,68.216
08,07,06,09,70.919
08,07,06,10,68.216
08,07,06,11,71.819
08,07,06,12,80.821
08,07,06,13,75.421
08,07,06,14,81.721
08,07,06,15,79.922
08,07,06,16,88.915
08,07,06,17,82.621
08,07,06,18,80.821
08,07,06,19,79.922
08,07,06,20,78.122
08,07,06,21,77.222
08,07,06,22,77.222
08,07,06,23,76.322
08,08,06,00,76.322
08,08,06,01,75.421
08,08,06,02,75.421
08,08,06,03,74.521
08,08,06,04,74.521
08,08,06,05,74.521
08,08,06,06,73.621
08,08,06,07,74.521
08,08,06,08,74.521
08,08,06,09,75.421
08,08,06,10,75.421
08,08,06,11,76.322
08,08,06,12,76.322
08,08,06,13,76.322
08,08,06,14,76.322
08,08,06,15,76.322
08,08,06,16,77.222
08,08,06,17,77.222
08,08,06,18,75.421
08,08,06,19,77.222
08,08,06,20,78.122
08,08,06,21,78.122
08,08,06,22,79.922
08,08,06,23,79.022
08,09,06,00,78.122
08,09,06,01,78.122
08,09,06,02,77.222
08,09,06,03,77.222
08,09,06,04,77.222
08,09,06,05,76.322
08,09,06,06,76.322
08,09,06,07,76.322
08,09,06,08,76.322
08,09,06,09,76.322
08,09,06,10,87.117
08,09,06,11,81.721
08,09,06,12,88.016
08,09,06,13,82.621
08,09,06,14,91.611
08,09,06,15,103.285
08,09,06,16,71.819
08,09,06,17,79.922
08,09,06,18,66.414
08,09,06,19,60.103
08,09,06,20,54.69
08,09,06,21,57.397
08,09,06,22,55.592
08,09,06,23,55.592
08,10,06,00,55.592
08,10,06,01,55.592
08,10,06,02,54.69
08,10,06,03,54.69
08,10,06,04,53.788
08,10,06,05,52.885
08,10,06,06,57.397
08,10,06,07,61.005
08,10,06,08,59.201
08,10,06,09,66.414
08,10,06,10,70.919
08,10,06,11,77.222
08,10,06,12,79.022
08,10,06,13,69.117
08,10,06,14,81.721
08,10,06,15,73.621
08,10,06,16,70.018
08,10,06,17,69.117
08,10,06,18,69.117
08,10,06,19,64.611
08,10,06,20,56.495
08,10,06,21,53.788
08,10,06,22,52.885
08,10,06,23,52.885
08,11,06,00,51.08
08,11,06,01,50.177
08,11,06,02,49.274
08,11,06,03,48.371
08,11,06,04,48.371
08,11,06,05,46.564
08,11,06,06,50.177
08,11,06,07,78.122
08,11,06,08,74.521
08,11,06,09,62.808
08,11,06,10,78.122
08,11,06,11,77.222
08,11,06,12,76.322
08,11,06,13,90.713
08,11,06,14,91.611
08,11,06,15,88.016
08,11,06,16,91.611
08,11,06,17,86.218
08,11,06,18,82.621
08,11,06,19,76.322
08,11,06,20,72.72
08,11,06,21,69.117
08,11,06,22,66.414
08,11,06,23,64.611
08,12,06,00,62.808
08,12,06,01,61.005
08,12,06,02,59.201
08,12,06,03,58.299
08,12,06,04,57.397
08,12,06,05,54.69
08,12,06,06,53.788
08,12,06,07,57.397
08,12,06,08,62.808
08,12,06,09,68.216
08,12,06,10,74.521
08,12,06,11,79.022
08,12,06,12,81.721
08,12,06,13,103.285
08,12,06,14,82.621
08,12,06,15,78.122
08,12,06,16,70.919
08,12,06,17,64.611
08,12,06,18,60.103
08,12,06,19,56.495
08,12,06,20,53.788
08,12,06,21,52.885
08,12,06,22,51.982
08,12,06,23,53.788
08,13,06,00,54.69
08,13,06,01,54.69
08,13,06,02,54.69
08,13,06,03,53.788
08,13,06,04,53.788
08,13,06,05,53.788
08,13,06,06,51.982
08,13,06,07,56.495
08,13,06,08,63.71
08,13,06,09,65.512
08,13,06,10,69.117
08,13,06,11,67.315
08,13,06,12,72.72
08,13,06,13,79.022
08,13,06,14,74.521
08,13,06,15,79.922
08,13,06,16,84.419
08,13,06,17,76.322
08,13,06,18,71.819
08,13,06,19,63.71
08,13,06,20,62.808
08,13,06,21,61.906
08,13,06,22,61.906
08,13,06,23,61.906
08,14,06,00,61.005
08,14,06,01,60.103
08,14,06,02,59.201
08,14,06,03,58.299
08,14,06,04,58.299
08,14,06,05,57.397
08,14,06,06,57.397
08,14,06,07,62.808
08,14,06,08,67.315
08,14,06,09,75.421
08,14,06,10,70.919
08,14,06,11,88.016
08,14,06,12,76.322
08,14,06,13,75.421
08,14,06,14,77.222
08,14,06,15,77.222
08,14,06,16,77.222
08,14,06,17,77.222
08,14,06,18,77.222
08,14,06,19,74.521
08,14,06,20,73.621
08,14,06,21,72.72
08,14,06,22,75.421
08,14,06,23,76.322
08,15,06,00,77.222
08,15,06,01,75.421
08,15,06,02,74.521
08,15,06,03,74.521
08,15,06,04,74.521
08,15,06,05,74.521
08,15,06,06,74.521
08,15,06,07,74.521
08,15,06,08,74.521
08,15,06,09,76.322
08,15,06,10,75.421
08,15,06,11,76.322
08,15,06,12,76.322
08,15,06,13,78.122
08,15,06,14,77.222
08,15,06,15,75.421
08,15,06,16,75.421
08,15,06,17,76.322
08,15,06,18,76.322
08,15,06,19,76.322
08,15,06,20,75.421
08,15,06,21,74.521
08,15,06,22,73.621
08,15,06,23,75.421
08,16,06,00,74.521
08,16,06,01,73.621
08,16,06,02,73.621
08,16,06,03,72.72
08,16,06,04,72.72
08,16,06,05,72.72
08,16,06,06,72.72
08,16,06,07,73.621
08,16,06,08,72.72
08,16,06,09,73.621
08,16,06,10,72.72
08,16,06,11,72.72
08,16,06,12,73.621
08,16,06,13,72.72
08,16,06,14,72.72
08,16,06,15,72.72
08,16,06,16,72.72
08,16,06,17,72.72
08,16,06,18,73.621
08,16,06,19,74.521
08,16,06,20,73.621
08,16,06,21,72.72
08,16,06,22,71.819
08,16,06,23,70.919
08,17,06,00,70.018
08,17,06,01,68.216
08,17,06,02,67.315
08,17,06,03,66.414
08,17,06,04,65.512
08,17,06,05,63.71
08,17,06,06,63.71
08,17,06,07,69.117
08,17,06,08,70.919
08,17,06,09,76.322
08,17,06,10,69.117
08,17,06,11,70.919
08,17,06,12,70.018
08,17,06,13,96.103
08,17,06,14,80.821
08,17,06,15,77.222
08,17,06,16,75.421
08,17,06,17,72.72
08,17,06,18,62.808
08,17,06,19,66.414
08,17,06,20,59.201
08,17,06,21,58.299
08,17,06,22,55.592
08,17,06,23,55.592
08,18,06,00,54.69
08,18,06,01,55.592
08,18,06,02,54.69
08,18,06,03,53.788
08,18,06,04,53.788
08,18,06,05,54.69
08,18,06,06,55.592
08,18,06,07,47.468
08,18,06,08,60.103
08,18,06,09,65.512
08,18,06,10,79.022
08,18,06,11,79.022
08,18,06,12,80.821
08,18,06,13,75.421
08,18,06,14,84.419
08,18,06,15,79.922
08,18,06,16,79.922
08,18,06,17,73.621
08,18,06,18,70.919
08,18,06,19,61.906
08,18,06,20,58.299
08,18,06,21,60.103
08,18,06,22,59.201
08,18,06,23,58.299
08,19,06,00,58.299
08,19,06,01,57.397
08,19,06,02,57.397
08,19,06,03,55.592
08,19,06,04,56.495
08,19,06,05,55.592
08,19,06,06,50.177
08,19,06,07,56.495
08,19,06,08,58.299
08,19,06,09,69.117
08,19,06,10,79.022
08,19,06,11,89.814
08,19,06,12,73.621
08,19,06,13,75.421
08,19,06,14,89.814
08,19,06,15,83.52
08,19,06,16,91.611
08,19,06,17,75.421
08,19,06,18,70.919
08,19,06,19,61.906
08,19,06,20,59.201
08,19,06,21,55.592
08,19,06,22,51.982
08,19,06,23,49.274
08,20,06,00,47.468
08,20,06,01,45.661
08,20,06,02,44.758
08,20,06,03,44.758
08,20,06,04,44.758
08,20,06,05,43.854
08,20,06,06,51.08
08,20,06,07,61.005
08,20,06,08,63.71
08,20,06,09,70.919
08,20,06,10,74.521
08,20,06,11,78.122
08,20,06,12,75.421
08,20,06,13,80.821
08,20,06,14,86.218
08,20,06,15,83.52
08,20,06,16,79.022
08,20,06,17,71.819
08,20,06,18,64.611
08,20,06,19,62.808
08,20,06,20,62.808
08,20,06,21,61.906
08,20,06,22,61.005
08,20,06,23,61.005
08,21,06,00,60.103
08,21,06,01,59.201
08,21,06,02,58.299
08,21,06,03,57.397
08,21,06,04,57.397
08,21,06,05,57.397
08,21,06,06,55.592
08,21,06,07,66.414
08,21,06,08,62.808
08,21,06,09,63.71
08,21,06,10,70.919
08,21,06,11,77.222
08,21,06,12,86.218
08,21,06,13,78.122
08,21,06,14,92.51
08,21,06,15,78.122
08,21,06,16,82.621
08,21,06,17,62.808
08,21,06,18,61.906
08,21,06,19,51.982
08,21,06,20,43.854
08,21,06,21,44.758
08,21,06,22,41.143
08,21,06,23,42.951
08,22,06,00,41.143
08,22,06,01,40.239
08,22,06,02,39.335
08,22,06,03,37.527
08,22,06,04,37.527
08,22,06,05,38.431
08,22,06,06,47.468
08,22,06,07,55.592
08,22,06,08,56.495
08,22,06,09,69.117
08,22,06,10,72.72
08,22,06,11,75.421
08,22,06,12,74.521
08,22,06,13,82.621
08,22,06,14,84.419
08,22,06,15,80.821
08,22,06,16,79.022
08,22,06,17,67.315
08,22,06,18,65.512
08,22,06,19,60.103
08,22,06,20,58.299
08,22,06,21,54.69
08,22,06,22,51.982
08,22,06,23,51.08
08,23,06,00,49.274
08,23,06,01,48.371
08,23,06,02,47.468
08,23,06,03,46.564
08,23,06,04,47.468
08,23,06,05,49.274
08,23,06,06,46.564
08,23,06,07,46.564
08,23,06,08,49.274
08,23,06,09,59.201
08,23,06,10,61.906
08,23,06,11,61.906
08,23,06,12,67.315
08,23,06,13,73.621
08,23,06,14,69.117
08,23,06,15,68.216
08,23,06,16,63.71
08,23,06,17,61.005
08,23,06,18,57.397
08,23,06,19,54.69
08,23,06,20,52.885
08,23,06,21,50.177
08,23,06,22,48.371
08,23,06,23,48.371
08,24,06,00,48.371
08,24,06,01,47.468
08,24,06,02,47.468
08,24,06,03,48.371
08,24,06,04,47.468
08,24,06,05,48.371
08,24,06,06,48.371
08,24,06,07,50.177
08,24,06,08,52.885
08,24,06,09,53.788
08,24,06,10,59.201
08,24,06,11,59.201
08,24,06,12,61.005
08,24,06,13,67.315
08,24,06,14,73.621
08,24,06,15,89.814
08,24,06,16,75.421
08,24,06,17,67.315
08,24,06,18,57.397
08,24,06,19,50.177
08,24,06,20,49.274
08,24,06,21,47.468
08,24,06,22,46.564
08,24,06,23,46.564
08,25,06,00,45.661
08,25,06,01,46.564
08,25,06,02,44.758
08,25,06,03,44.758
08,25,06,04,43.854
08,25,06,05,43.854
08,25,06,06,45.661
08,25,06,07,49.274
08,25,06,08,52.885
08,25,06,09,60.103
08,25,06,10,61.906
08,25,06,11,70.919
08,25,06,12,72.72
08,25,06,13,72.72
08,25,06,14,77.222
08,25,06,15,70.919
08,25,06,16,122.11
08,25,06,17,79.022
08,25,06,18,62.808
08,25,06,19,55.592
08,25,06,20,53.788
08,25,06,21,51.982
08,25,06,22,49.274
08,25,06,23,49.274
08,26,06,00,47.468
08,26,06,01,45.661
08,26,06,02,45.661
08,26,06,03,44.758
08,26,06,04,43.854
08,26,06,05,43.854
08,26,06,06,45.661
08,26,06,07,51.08
08,26,06,08,57.397
08,26,06,09,63.71
08,26,06,10,70.018
08,26,06,11,71.819
08,26,06,12,74.521
08,26,06,13,95.205
08,26,06,14,79.922
08,26,06,15,88.915
08,26,06,16,86.218
08,26,06,17,75.421
08,26,06,18,72.72
08,26,06,19,67.315
08,26,06,20,60.103
08,26,06,21,54.69
08,26,06,22,56.495
08,26,06,23,54.69
08,27,06,00,53.788
08,27,06,01,53.788
08,27,06,02,52.885
08,27,06,03,52.885
08,27,06,04,51.982
08,27,06,05,51.982
08,27,06,06,51.982
08,27,06,07,52.885
08,27,06,08,61.906
08,27,06,09,63.71
08,27,06,10,71.819
08,27,06,11,78.122
08,27,06,12,78.122
08,27,06,13,81.721
08,27,06,14,86.218
08,27,06,15,88.016
08,27,06,16,86.218
08,27,06,17,98.797
08,27,06,18,72.72
08,27,06,19,65.512
08,27,06,20,58.299
08,27,06,21,56.495
08,27,06,22,55.592
08,27,06,23,54.69
08,28,06,00,53.788
08,28,06,01,53.788
08,28,06,02,52.885
08,28,06,03,52.885
08,28,06,04,53.788
08,28,06,05,52.885
08,28,06,06,61.005
08,28,06,07,63.71
08,28,06,08,72.72
08,28,06,09,76.322
08,28,06,10,82.621
08,28,06,11,82.621
08,28,06,12,89.814
08,28,06,13,84.419
08,28,06,14,87.117
08,28,06,15,82.621
08,28,06,16,81.721
08,28,06,17,79.022
08,28,06,18,71.819
08,28,06,19,66.414
08,28,06,20,62.808
08,28,06,21,60.103
08,28,06,22,58.299
08,28,06,23,54.69
08,29,06,00,52.885
08,29,06,01,51.982
08,29,06,02,51.08
08,29,06,03,49.274
08,29,06,04,47.468
08,29,06,05,46.564
08,29,06,06,45.661
08,29,06,07,50.177
08,29,06,08,51.982
08,29,06,09,54.69
08,29,06,10,55.592
08,29,06,11,56.495
08,29,06,12,52.885
08,29,06,13,52.885
08,29,06,14,49.274
08,29,06,15,49.274
08,29,06,16,43.854
08,29,06,17,41.143
08,29,06,18,65.512
08,29,06,19,69.117
08,29,06,20,64.611
08,29,06,21,65.512
08,29,06,22,66.414
08,29,06,23,66.414
08,30,06,00,66.414
08,30,06,01,66.414
08,30,06,02,66.414
08,30,06,03,66.414
08,30,06,04,66.414
08,30,06,05,66.414
08,30,06,06,67.315
08,30,06,07,68.216
08,30,06,08,34.814
08,30,06,09,39.335
08,30,06,10,40.239
08,30,06,11,46.564
08,30,06,12,47.468
08,30,06,13,45.661
08,30,06,14,48.371
08,30,06,15,47.468
08,30,06,16,45.661
08,30,06,17,44.758
08,30,06,18,44.758
08,30,06,19,42.951
08,30,06,20,42.951
08,30,06,21,42.951
08,30,06,22,42.047
08,30,06,23,41.143
08,31,06,00,40.239
08,31,06,01,41.143
08,31,06,02,41.143
08,31,06,03,40.239
08,31,06,04,40.239
08,31,06,05,40.239
08,31,06,06,39.335
08,31,06,07,42.951
08,31,06,08,51.08
08,31,06,09,50.177
08,31,06,10,56.495
08,31,06,11,71.819
08,31,06,12,73.621
08,31,06,13,88.915
08,31,06,14,76.322
08,31,06,15,81.721
08,31,06,16,76.322
08,31,06,17,76.322
08,31,06,18,75.421
08,31,06,19,76.322
08,31,06,20,76.322
08,31,06,21,73.621
08,31,06,22,72.72
08,31,06,23,71.819
09,01,06,00,72.72
09,01,06,01,73.621
09,01,06,02,73.621
09,01,06,03,73.621
09,01,06,04,73.621
09,01,06,05,72.72
09,01,06,06,72.72
09,01,06,07,71.819
09,01,06,08,73.621
09,01,06,09,74.521
09,01,06,10,73.621
09,01,06,11,75.421
09,01,06,12,73.621
09,01,06,13,74.521
09,01,06,14,73.621
09,01,06,15,72.72
09,01,06,16,72.72
09,01,06,17,73.621
09,01,06,18,72.72
09,01,06,19,73.621
09,01,06,20,73.621
09,01,06,21,72.72
09,01,06,22,72.72
09,01,06,23,73.621
09,02,06,00,73.621
09,02,06,01,73.621
09,02,06,02,73.621
09,02,06,03,73.621
09,02,06,04,73.621
09,02,06,05,74.521
09,02,06,06,74.521
09,02,06,07,74.521
09,02,06,08,72.72
09,02,06,09,73.621
09,02,06,10,73.621
09,02,06,11,75.421
09,02,06,12,76.322
09,02,06,13,77.222
09,02,06,14,78.122
09,02,06,15,78.122
09,02,06,16,79.022
09,02,06,17,79.922
09,02,06,18,79.922
09,02,06,19,79.922
09,02,06,20,79.922
09,02,06,21,80.821
09,02,06,22,80.821
09,02,06,23,77.222
09,03,06,00,78.122
09,03,06,01,77.222
09,03,06,02,77.222
09,03,06,03,76.322
09,03,06,04,77.222
09,03,06,05,77.222
09,03,06,06,77.222
09,03,06,07,77.222
09,03,06,08,65.512
09,03,06,09,70.018
09,03,06,10,67.315
09,03,06,11,77.222
09,03,06,12,79.922
09,03,06,13,81.721
09,03,06,14,78.122
09,03,06,15,75.421
09,03,06,16,77.222
09,03,06,17,73.621
09,03,06,18,71.819
09,03,06,19,65.512
09,03,06,20,64.611
09,03,06,21,63.71
09,03,06,22,61.906
09,03,06,23,61.005
09,04,06,00,59.201
09,04,06,01,59.201
09,04,06,02,59.201
09,04,06,03,60.103
09,04,06,04,60.103
09,04,06,05,58.299
09,04,06,06,55.592
09,04,06,07,57.397
09,04,06,08,73.621
09,04,06,09,70.919
09,04,06,10,68.216
09,04,06,11,70.919
09,04,06,12,73.621
09,04,06,13,74.521
09,04,06,14,79.922
09,04,06,15,102.388
09,04,06,16,76.322
09,04,06,17,74.521
09,04,06,18,68.216
09,04,06,19,64.611
09,04,06,20,66.414
09,04,06,21,64.611
09,04,06,22,62.808
09,04,06,23,60.103
09,05,06,00,59.201
09,05,06,01,58.299
09,05,06,02,57.397
09,05,06,03,56.495
09,05,06,04,55.592
09,05,06,05,55.592
09,05,06,06,57.397
09,05,06,07,61.906
09,05,06,08,63.71
09,05,06,09,94.307
09,05,06,10,82.621
09,05,06,11,82.621
09,05,06,12,77.222
09,05,06,13,88.016
09,05,06,14,85.319
09,05,06,15,79.922
09,05,06,16,75.421
09,05,06,17,82.621
09,05,06,18,66.414
09,05,06,19,59.201
09,05,06,20,58.299
09,05,06,21,59.201
09,05,06,22,56.495
09,05,06,23,56.495
09,06,06,00,55.592
09,06,06,01,54.69
09,06,06,02,53.788
09,06,06,03,52.885
09,06,06,04,51.982
09,06,06,05,51.982
09,06,06,06,51.982
09,06,06,07,50.177
09,06,06,08,52.885
09,06,06,09,59.201
09,06,06,10,68.216
09,06,06,11,88.915
09,06,06,12,69.117
09,06,06,13,65.512
09,06,06,14,73.621
09,06,06,15,68.216
09,06,06,16,72.72
09,06,06,17,80.821
09,06,06,18,65.512
09,06,06,19,53.788
09,06,06,20,50.177
09,06,06,21,47.468
09,06,06,22,45.661
09,06,06,23,46.564
09,07,06,00,45.661
09,07,06,01,44.758
09,07,06,02,45.661
09,07,06,03,45.661
09,07,06,04,45.661
09,07,06,05,44.758
09,07,06,06,51.08
09,07,06,07,70.018
09,07,06,08,75.421
09,07,06,09,66.414
09,07,06,10,83.52
09,07,06,11,83.52
09,07,06,12,77.222
09,07,06,13,74.521
09,07,06,14,70.919
09,07,06,15,72.72
09,07,06,16,68.216
09,07,06,17,65.512
09,07,06,18,59.201
09,07,06,19,52.885
09,07,06,20,51.08
09,07,06,21,49.274
09,07,06,22,48.371
09,07,06,23,48.371
09,08,06,00,49.274
09,08,06,01,48.371
09,08,06,02,47.468
09,08,06,03,46.564
09,08,06,04,45.661
09,08,06,05,44.758
09,08,06,06,46.564
09,08,06,07,56.495
09,08,06,08,56.495
09,08,06,09,60.103
09,08,06,10,65.512
09,08,06,11,74.521
09,08,06,12,89.814
09,08,06,13,71.819
09,08,06,14,67.315
09,08,06,15,70.919
09,08,06,16,63.71
09,08,06,17,63.71
09,08,06,18,56.495
09,08,06,19,52.885
09,08,06,20,52.885
09,08,06,21,53.788
09,08,06,22,54.69
09,08,06,23,54.69
09,09,06,00,53.788
09,09,06,01,52.885
09,09,06,02,52.885
09,09,06,03,52.885
09,09,06,04,51.982
09,09,06,05,51.08
09,09,06,06,46.564
09,09,06,07,42.047
09,09,06,08,42.951
09,09,06,09,44.758
09,09,06,10,44.758
09,09,06,11,47.468
09,09,06,12,66.414
09,09,06,13,63.71
09,09,06,14,61.906
09,09,06,15,64.611
09,09,06,16,51.08
09,09,06,17,52.885
09,09,06,18,41.143
09,09,06,19,41.143
09,09,06,20,41.143
09,09,06,21,39.335
09,09,06,22,38.431
09,09,06,23,37.527
09,10,06,00,37.527
09,10,06,01,39.335
09,10,06,02,41.143
09,10,06,03,41.143
09,10,06,04,42.047
09,10,06,05,41.143
09,10,06,06,44.758
09,10,06,07,56.495
09,10,06,08,50.177
09,10,06,09,55.592
09,10,06,10,50.177
09,10,06,11,56.495
09,10,06,12,83.52
09,10,06,13,87.117
09,10,06,14,79.022
09,10,06,15,74.521
09,10,06,16,61.005
09,10,06,17,62.808
09,10,06,18,55.592
09,10,06,19,51.982
09,10,06,20,52.885
09,10,06,21,52.885
09,10,06,22,51.982
09,10,06,23,52.885
09,11,06,00,51.982
09,11,06,01,51.982
09,11,06,02,51.982
09,11,06,03,51.982
09,11,06,04,51.982
09,11,06,05,51.982
09,11,06,06,56.495
09,11,06,07,60.103
09,11,06,08,61.005
09,11,06,09,66.414
09,11,06,10,70.919
09,11,06,11,78.122
09,11,06,12,79.922
09,11,06,13,85.319
09,11,06,14,82.621
09,11,06,15,68.216
09,11,06,16,70.018
09,11,06,17,68.216
09,11,06,18,59.201
09,11,06,19,58.299
09,11,06,20,56.495
09,11,06,21,55.592
09,11,06,22,55.592
09,11,06,23,55.592
09,12,06,00,55.592
09,12,06,01,55.592
09,12,06,02,54.69
09,12,06,03,54.69
09,12,06,04,54.69
09,12,06,05,53.788
09,12,06,06,53.788
09,12,06,07,60.103
09,12,06,08,49.274
09,12,06,09,54.69
09,12,06,10,71.819
09,12,06,11,72.72
09,12,06,12,75.421
09,12,06,13,78.122
09,12,06,14,80.821
09,12,06,15,81.721
09,12,06,16,83.52
09,12,06,17,82.621
09,12,06,18,81.721
09,12,06,19,80.821
09,12,06,20,80.821
09,12,06,21,79.022
09,12,06,22,78.122
09,12,06,23,76.322
09,13,06,00,75.421
09,13,06,01,74.521
09,13,06,02,74.521
09,13,06,03,73.621
09,13,06,04,72.72
09,13,06,05,72.72
09,13,06,06,71.819
09,13,06,07,71.819
09,13,06,08,71.819
09,13,06,09,71.819
09,13,06,10,74.521
09,13,06,11,74.521
09,13,06,12,73.621
09,13,06,13,73.621
09,13,06,14,74.521
09,13,06,15,74.521
09,13,06,16,74.521
09,13,06,17,73.621
09,13,06,18,74.521
09,13,06,19,73.621
09,13,06,20,73.621
09,13,06,21,73.621
09,13,06,22,73.621
09,13,06,23,73.621
09,14,06,00,72.72
09,14,06,01,72.72
09,14,06,02,72.72
09,14,06,03,71.819
09,14,06,04,71.819
09,14,06,05,71.819
09,14,06,06,71.819
09,14,06,07,45.661
09,14,06,08,40.239
09,14,06,09,37.527
09,14,06,10,37.527
09,14,06,11,37.527
09,14,06,12,38.431
09,14,06,13,37.527
09,14,06,14,40.239
09,14,06,15,41.143
09,14,06,16,43.854
09,14,06,17,44.758
09,14,06,18,43.854
09,14,06,19,46.564
09,14,06,20,46.564
09,14,06,21,46.564
09,14,06,22,46.564
09,14,06,23,46.564
09,15,06,00,47.468
09,15,06,01,47.468
09,15,06,02,47.468
09,15,06,03,47.468
09,15,06,04,47.468
09,15,06,05,47.468
09,15,06,06,46.564
09,15,06,07,40.239
09,15,06,08,37.527
09,15,06,09,42.047
09,15,06,10,48.371
09,15,06,11,43.854
09,15,06,12,44.758
09,15,06,13,45.661
09,15,06,14,46.564
09,15,06,15,41.143
09,15,06,16,48.371
09,15,06,17,37.527
09,15,06,18,38.431
09,15,06,19,38.431
09,15,06,20,40.239
09,15,06,21,38.431
09,15,06,22,38.431
09,15,06,23,38.431
09,16,06,00,38.431
09,16,06,01,39.335
09,16,06,02,39.335
09,16,06,03,39.335
09,16,06,04,39.335
09,16,06,05,39.335
09,16,06,06,40.239
09,16,06,07,41.143
09,16,06,08,39.335
09,16,06,09,38.431
09,16,06,10,36.623
09,16,06,11,42.047
09,16,06,12,42.951
09,16,06,13,41.143
09,16,06,14,43.854
09,16,06,15,40.239
09,16,06,16,40.239
09,16,06,17,43.854
09,16,06,18,73.621
09,16,06,19,72.72
09,16,06,20,71.819
09,16,06,21,72.72
09,16,06,22,72.72
09,16,06,23,73.621
09,17,06,00,74.521
09,17,06,01,74.521
09,17,06,02,75.421
09,17,06,03,75.421
09,17,06,04,75.421
09,17,06,05,75.421
09,17,06,06,75.421
09,17,06,07,75.421
09,17,06,08,71.819
09,17,06,09,69.117
09,17,06,10,69.117
09,17,06,11,70.018
09,17,06,12,70.018
09,17,06,13,70.018
09,17,06,14,70.919
09,17,06,15,70.919
09,17,06,16,70.018
09,17,06,17,70.018
09,17,06,18,71.819
09,17,06,19,73.621
09,17,06,20,74.521
09,17,06,21,74.521
09,17,06,22,73.621
09,17,06,23,73.621
09,18,06,00,73.621
09,18,06,01,73.621
09,18,06,02,73.621
09,18,06,03,72.72
09,18,06,04,72.72
09,18,06,05,72.72
09,18,06,06,72.72
09,18,06,07,72.72
09,18,06,08,71.819
09,18,06,09,72.72
09,18,06,10,67.315
09,18,06,11,66.414
09,18,06,12,67.315
09,18,06,13,67.315
09,18,06,14,67.315
09,18,06,15,67.315
09,18,06,16,67.315
09,18,06,17,67.315
09,18,06,18,72.72
09,18,06,19,73.621
09,18,06,20,74.521
09,18,06,21,75.421
09,18,06,22,70.919
09,18,06,23,68.216
09,19,06,00,66.414
09,19,06,01,63.71
09,19,06,02,62.808
09,19,06,03,62.808
09,19,06,04,61.906
09,19,06,05,61.005
09,19,06,06,61.005
09,19,06,07,61.005
09,19,06,08,63.71
09,19,06,09,66.414
09,19,06,10,70.018
09,19,06,11,76.322
09,19,06,12,76.322
09,19,06,13,72.72
09,19,06,14,74.521
09,19,06,15,69.117
09,19,06,16,68.216
09,19,06,17,68.216
09,19,06,18,67.315
09,19,06,19,67.315
09,19,06,20,72.72
09,19,06,21,70.018
09,19,06,22,69.117
09,19,06,23,68.216
09,20,06,00,67.315
09,20,06,01,66.414
09,20,06,02,66.414
09,20,06,03,65.512
09,20,06,04,65.512
09,20,06,05,64.611
09,20,06,06,70.919
09,20,06,07,58.299
09,20,06,08,59.201
09,20,06,09,60.103
09,20,06,10,61.005
09,20,06,11,62.808
09,20,06,12,61.906
09,20,06,13,63.71
09,20,06,14,67.315
09,20,06,15,65.512
09,20,06,16,68.216
09,20,06,17,67.315
09,20,06,18,66.414
09,20,06,19,66.414
09,20,06,20,67.315
09,20,06,21,67.315
09,20,06,22,68.216
09,20,06,23,68.216
09,21,06,00,69.117
09,21,06,01,69.117
09,21,06,02,69.117
09,21,06,03,69.117
09,21,06,04,69.117
09,21,06,05,69.117
09,21,06,06,69.117
09,21,06,07,69.117
09,21,06,08,61.005
09,21,06,09,55.592
09,21,06,10,54.69
09,21,06,11,53.788
09,21,06,12,58.299
09,21,06,13,56.495
09,21,06,14,44.758
09,21,06,15,43.854
09,21,06,16,40.239
09,21,06,17,39.335
09,21,06,18,38.431
09,21,06,19,39.335
09,21,06,20,39.335
09,21,06,21,38.431
09,21,06,22,38.431
09,21,06,23,38.431
09,22,06,00,38.431
09,22,06,01,38.431
09,22,06,02,38.431
09,22,06,03,38.431
09,22,06,04,37.527
09,22,06,05,37.527
09,22,06,06,37.527
09,22,06,07,34.814
09,22,06,08,36.623
09,22,06,09,42.047
09,22,06,10,42.047
09,22,06,11,43.854
09,22,06,12,44.758
09,22,06,13,49.274
09,22,06,14,61.005
09,22,06,15,57.397
09,22,06,16,63.71
09,22,06,17,42.047
09,22,06,18,38.431
09,22,06,19,36.623
09,22,06,20,33.909
09,22,06,21,33.005
09,22,06,22,33.909
09,22,06,23,34.814
09,23,06,00,34.814
09,23,06,01,35.718
09,23,06,02,35.718
09,23,06,03,35.718
09,23,06,04,36.623
09,23,06,05,37.527
09,23,06,06,37.527
09,23,06,07,39.335
09,23,06,08,45.661
09,23,06,09,42.951
09,23,06,10,43.854
09,23,06,11,44.758
09,23,06,12,44.758
09,23,06,13,54.69
09,23,06,14,50.177
09,23,06,15,52.885
09,23,06,16,52.885
09,23,06,17,48.371
09,23,06,18,42.951
09,23,06,19,42.047
09,23,06,20,42.951
09,23,06,21,42.047
09,23,06,22,42.951
09,23,06,23,42.047
09,24,06,00,42.951
09,24,06,01,43.854
09,24,06,02,43.854
09,24,06,03,42.951
09,24,06,04,42.047
09,24,06,05,40.239
09,24,06,06,41.143
09,24,06,07,43.854
09,24,06,08,45.661
09,24,06,09,51.08
09,24,06,10,54.69
09,24,06,11,64.611
09,24,06,12,51.982
09,24,06,13,65.512
09,24,06,14,68.216
09,24,06,15,70.919
09,24,06,16,63.71
09,24,06,17,70.919
09,24,06,18,70.919
09,24,06,19,72.72
09,24,06,20,70.919
09,24,06,21,70.919
09,24,06,22,70.919
09,24,06,23,70.919
