04,21,05,00,65.3
04,21,05,01,64.4
04,21,05,02,63.5
04,21,05,03,63.5
04,21,05,04,62.6
04,21,05,05,61.7
04,21,05,06,61.7
04,21,05,07,68
04,21,05,08,68.9
04,21,05,09,66.2
04,21,05,10,66.2
04,21,05,11,67.1
04,21,05,12,67.1
04,21,05,13,68.9
04,21,05,14,68.9
04,21,05,15,71.6
04,21,05,16,73.4
04,21,05,17,104
04,21,05,18,93.2
04,21,05,19,76.1
04,21,05,20,72.5
04,21,05,21,69.8
04,21,05,22,68.9
04,21,05,23,68.9
04,22,05,00,68
04,22,05,01,67.1
04,22,05,02,67.1
04,22,05,03,66.2
04,22,05,04,66.2
04,22,05,05,65.3
04,22,05,06,64.4
04,22,05,07,60.8
04,22,05,08,60.8
04,22,05,09,66.2
04,22,05,10,70.7
04,22,05,11,69.8
04,22,05,12,69.8
04,22,05,13,69.8
04,22,05,14,77.9
04,22,05,15,79.7
04,22,05,16,76.1
04,22,05,17,59.9
04,22,05,18,59.9
04,22,05,19,57.2
04,22,05,20,50.9
04,22,05,21,52.7
04,22,05,22,50
04,22,05,23,51.8
04,23,05,00,50
04,23,05,01,50.9
04,23,05,02,45.5
04,23,05,03,46.4
04,23,05,04,44.6
04,23,05,05,43.7
04,23,05,06,41
04,23,05,07,41
04,23,05,08,41.9
04,23,05,09,56.3
04,23,05,10,67.1
04,23,05,11,72.5
04,23,05,12,78.8
04,23,05,13,76.1
04,23,05,14,65.3
04,23,05,15,59.9
04,23,05,16,67.1
04,23,05,17,72.5
04,23,05,18,59.9
04,23,05,19,50.9
04,23,05,20,45.5
04,23,05,21,48.2
04,23,05,22,45.5
04,23,05,23,45.5
04,24,05,00,44.6
04,24,05,01,46.4
04,24,05,02,46.4
04,24,05,03,46.4
04,24,05,04,47.3
04,24,05,05,46.4
04,24,05,06,45.5
04,24,05,07,45.5
04,24,05,08,47.3
04,24,05,09,52.7
04,24,05,10,61.7
04,24,05,11,59.9
04,24,05,12,69.8
04,24,05,13,61.7
04,24,05,14,54.5
04,24,05,15,47.3
04,24,05,16,50.9
04,24,05,17,42.8
04,24,05,18,43.7
04,24,05,19,41
04,24,05,20,40.1
04,24,05,21,38.3
04,24,05,22,37.4
04,24,05,23,35.6
04,25,05,00,35.6
04,25,05,01,35.6
04,25,05,02,35.6
04,25,05,03,36.5
04,25,05,04,36.5
04,25,05,05,36.5
04,25,05,06,35.6
04,25,05,07,36.5
04,25,05,08,45.5
04,25,05,09,48.2
04,25,05,10,64.4
04,25,05,11,57.2
04,25,05,12,86.9
04,25,05,13,96.8
04,25,05,14,88.7
04,25,05,15,80.6
04,25,05,16,60.8
04,25,05,17,61.7
04,25,05,18,53.6
04,25,05,19,45.5
04,25,05,20,47.3
04,25,05,21,47.3
04,25,05,22,45.5
04,25,05,23,46.4
04,26,05,00,45.5
04,26,05,01,46.4
04,26,05,02,46.4
04,26,05,03,45.5
04,26,05,04,40.1
04,26,05,05,40.1
04,26,05,06,37.4
04,26,05,07,50
04,26,05,08,74.3
04,26,05,09,69.8
04,26,05,10,83.3
04,26,05,11,101.3
04,26,05,12,97.7
04,26,05,13,84.2
04,26,05,14,87.8
04,26,05,15,89.6
04,26,05,16,81.5
04,26,05,17,86.9
04,26,05,18,74.3
04,26,05,19,60.8
04,26,05,20,54.5
04,26,05,21,52.7
04,26,05,22,52.7
04,26,05,23,50.9
04,27,05,00,50
04,27,05,01,47.3
04,27,05,02,51.8
04,27,05,03,47.3
04,27,05,04,45.5
04,27,05,05,42.8
04,27,05,06,43.7
04,27,05,07,48.2
04,27,05,08,46.4
04,27,05,09,48.2
04,27,05,10,57.2
04,27,05,11,80.6
04,27,05,12,77
04,27,05,13,68.9
04,27,05,14,71.6
04,27,05,15,65.3
04,27,05,16,63.5
04,27,05,17,62.6
04,27,05,18,62.6
04,27,05,19,61.7
04,27,05,20,60.8
04,27,05,21,59.9
04,27,05,22,59
04,27,05,23,57.2
04,28,05,00,57.2
04,28,05,01,56.3
04,28,05,02,56.3
04,28,05,03,55.4
04,28,05,04,55.4
04,28,05,05,55.4
04,28,05,06,55.4
04,28,05,07,55.4
04,28,05,08,59.9
04,28,05,09,58.1
04,28,05,10,48.2
04,28,05,11,53.6
04,28,05,12,50.9
04,28,05,13,50.9
04,28,05,14,54.5
04,28,05,15,52.7
04,28,05,16,50.9
04,28,05,17,46.4
04,28,05,18,41.9
04,28,05,19,41
04,28,05,20,42.8
04,28,05,21,42.8
04,28,05,22,42.8
04,28,05,23,42.8
04,29,05,00,42.8
04,29,05,01,41.9
04,29,05,02,41.9
04,29,05,03,41.9
04,29,05,04,41.9
04,29,05,05,41
04,29,05,06,41
04,29,05,07,40.1
04,29,05,08,50.9
04,29,05,09,105.8
04,29,05,10,63.5
04,29,05,11,67.1
04,29,05,12,73.4
04,29,05,13,78.8
04,29,05,14,73.4
04,29,05,15,72.5
04,29,05,16,73.4
04,29,05,17,65.3
04,29,05,18,59
04,29,05,19,49.1
04,29,05,20,46.4
04,29,05,21,43.7
04,29,05,22,43.7
04,29,05,23,42.8
04,30,05,00,42.8
04,30,05,01,41
04,30,05,02,40.1
04,30,05,03,40.1
04,30,05,04,37.4
04,30,05,05,37.4
04,30,05,06,38.3
04,30,05,07,45.5
04,30,05,08,54.5
04,30,05,09,70.7
04,30,05,10,78.8
04,30,05,11,59
04,30,05,12,101.3
04,30,05,13,60.8
04,30,05,14,76.1
04,30,05,15,75.2
04,30,05,16,61.7
04,30,05,17,55.4
04,30,05,18,55.4
04,30,05,19,51.8
04,30,05,20,47.3
04,30,05,21,44.6
04,30,05,22,46.4
04,30,05,23,45.5
05,01,05,00,44.6
05,01,05,01,43.7
05,01,05,02,43.7
05,01,05,03,43.7
05,01,05,04,42.8
05,01,05,05,44.6
05,01,05,06,42.8
05,01,05,07,42.8
05,01,05,08,51.8
05,01,05,09,64.4
05,01,05,10,59
05,01,05,11,70.7
05,01,05,12,80.6
05,01,05,13,81.5
05,01,05,14,79.7
05,01,05,15,68
05,01,05,16,66.2
05,01,05,17,66.2
05,01,05,18,68.9
05,01,05,19,68
05,01,05,20,66.2
05,01,05,21,65.3
05,01,05,22,65.3
05,01,05,23,64.4
05,02,05,00,63.5
05,02,05,01,63.5
05,02,05,02,62.6
05,02,05,03,62.6
05,02,05,04,61.7
05,02,05,05,60.8
05,02,05,06,59.9
05,02,05,07,59.9
05,02,05,08,59.9
05,02,05,09,64.4
05,02,05,10,68
05,02,05,11,61.7
05,02,05,12,62.6
05,02,05,13,63.5
05,02,05,14,63.5
05,02,05,15,63.5
05,02,05,16,64.4
05,02,05,17,66.2
05,02,05,18,67.1
05,02,05,19,63.5
05,02,05,20,63.5
05,02,05,21,62.6
05,02,05,22,62.6
05,02,05,23,61.7
05,03,05,00,60.8
05,03,05,01,59.9
05,03,05,02,59
05,03,05,03,59
05,03,05,04,58.1
05,03,05,05,58.1
05,03,05,06,57.2
05,03,05,07,57.2
05,03,05,08,57.2
05,03,05,09,58.1
05,03,05,10,58.1
05,03,05,11,64.4
05,03,05,12,66.2
05,03,05,13,66.2
05,03,05,14,71.6
05,03,05,15,70.7
05,03,05,16,68.9
05,03,05,17,68.9
05,03,05,18,68.9
05,03,05,19,67.1
05,03,05,20,66.2
05,03,05,21,67.1
05,03,05,22,67.1
05,03,05,23,65.3
05,04,05,00,65.3
05,04,05,01,65.3
05,04,05,02,64.4
05,04,05,03,63.5
05,04,05,04,62.6
05,04,05,05,61.7
05,04,05,06,61.7
05,04,05,07,50
05,04,05,08,48.2
05,04,05,09,59
05,04,05,10,71.6
05,04,05,11,58.1
05,04,05,12,69.8
05,04,05,13,68
05,04,05,14,92.3
05,04,05,15,62.6
05,04,05,16,60.8
05,04,05,17,64.4
05,04,05,18,65.3
05,04,05,19,62.6
05,04,05,20,58.1
05,04,05,21,55.4
05,04,05,22,54.5
05,04,05,23,53.6
05,05,05,00,52.7
05,05,05,01,59.9
05,05,05,02,58.1
05,05,05,03,58.1
05,05,05,04,58.1
05,05,05,05,58.1
05,05,05,06,59.9
05,05,05,07,56.3
05,05,05,08,68.9
05,05,05,09,64.4
05,05,05,10,73.4
05,05,05,11,70.7
05,05,05,12,78.8
05,05,05,13,77
05,05,05,14,74.3
05,05,05,15,77
05,05,05,16,65.3
05,05,05,17,67.1
05,05,05,18,68.9
05,05,05,19,62.6
05,05,05,20,57.2
05,05,05,21,56.3
05,05,05,22,55.4
05,05,05,23,54.5
05,06,05,00,52.7
05,06,05,01,52.7
05,06,05,02,52.7
05,06,05,03,51.8
05,06,05,04,52.7
05,06,05,05,50.9
05,06,05,06,49.1
05,06,05,07,54.5
05,06,05,08,62.6
05,06,05,09,66.2
05,06,05,10,72.5
05,06,05,11,69.8
05,06,05,12,71.6
05,06,05,13,86
05,06,05,14,83.3
05,06,05,15,70.7
05,06,05,16,75.2
05,06,05,17,51.8
05,06,05,18,44.6
05,06,05,19,42.8
05,06,05,20,42.8
05,06,05,21,41.9
05,06,05,22,41.9
05,06,05,23,41
05,07,05,00,40.1
05,07,05,01,40.1
05,07,05,02,39.2
05,07,05,03,38.3
05,07,05,04,37.4
05,07,05,05,37.4
05,07,05,06,37.4
05,07,05,07,40.1
05,07,05,08,50.9
05,07,05,09,67.1
05,07,05,10,66.2
05,07,05,11,74.3
05,07,05,12,84.2
05,07,05,13,75.2
05,07,05,14,77.9
05,07,05,15,61.7
05,07,05,16,69.8
05,07,05,17,51.8
05,07,05,18,46.4
05,07,05,19,42.8
05,07,05,20,53.6
05,07,05,21,59
05,07,05,22,54.5
05,07,05,23,42.8
05,08,05,00,59
05,08,05,01,51.8
05,08,05,02,41
05,08,05,03,38.3
05,08,05,04,35.6
05,08,05,05,43.7
05,08,05,06,31.1
05,08,05,07,43.7
05,08,05,08,64.4
05,08,05,09,69.8
05,08,05,10,72.5
05,08,05,11,77.9
05,08,05,12,84.2
05,08,05,13,75.2
05,08,05,14,68.9
05,08,05,15,66.2
05,08,05,16,63.5
05,08,05,17,61.7
05,08,05,18,62.6
05,08,05,19,63.5
05,08,05,20,63.5
05,08,05,21,63.5
05,08,05,22,62.6
05,08,05,23,63.5
05,09,05,00,63.5
05,09,05,01,63.5
05,09,05,02,63.5
05,09,05,03,63.5
05,09,05,04,62.6
05,09,05,05,62.6
05,09,05,06,62.6
05,09,05,07,62.6
05,09,05,08,62.6
05,09,05,09,66.2
05,09,05,10,65.3
05,09,05,11,64.4
05,09,05,12,60.8
05,09,05,13,56.3
05,09,05,14,58.1
05,09,05,15,60.8
05,09,05,16,62.6
05,09,05,17,58.1
05,09,05,18,59.9
05,09,05,19,56.3
05,09,05,20,39.2
05,09,05,21,45.5
05,09,05,22,65.3
05,09,05,23,64.4
05,10,05,00,60.8
05,10,05,01,63.5
05,10,05,02,60.8
05,10,05,03,47.3
05,10,05,04,43.7
05,10,05,05,41
05,10,05,06,39.2
05,10,05,07,40.1
05,10,05,08,46.4
05,10,05,09,68.9
05,10,05,10,59.9
05,10,05,11,113.9
05,10,05,12,74.3
05,10,05,13,73.4
05,10,05,14,56.3
05,10,05,15,58.1
05,10,05,16,61.7
05,10,05,17,66.2
05,10,05,18,53.6
05,10,05,19,53.6
05,10,05,20,41
05,10,05,21,41
05,10,05,22,32.9
05,10,05,23,31.1
05,11,05,00,29.3
05,11,05,01,29.3
05,11,05,02,27.5
05,11,05,03,27.5
05,11,05,04,27.5
05,11,05,05,27.5
05,11,05,06,26.6
05,11,05,07,32
05,11,05,08,48.2
05,11,05,09,62.6
05,11,05,10,88.7
05,11,05,11,76.1
05,11,05,12,72.5
05,11,05,13,84.2
05,11,05,14,83.3
05,11,05,15,104
05,11,05,16,75.2
05,11,05,17,82.4
05,11,05,18,68.9
05,11,05,19,58.1
05,11,05,20,54.5
05,11,05,21,72.5
05,11,05,22,79.7
05,11,05,23,76.1
05,12,05,00,71.6
05,12,05,01,59.9
05,12,05,02,57.2
05,12,05,03,59.9
05,12,05,04,59.9
05,12,05,05,76.1
05,12,05,06,55.4
05,12,05,07,46.4
05,12,05,08,55.4
05,12,05,09,92.3
05,12,05,10,104.9
05,12,05,11,66.2
05,12,05,12,84.2
05,12,05,13,96.8
05,12,05,14,90.5
05,12,05,15,87.8
05,12,05,16,81.5
05,12,05,17,78.8
05,12,05,18,83.3
05,12,05,19,65.3
05,12,05,20,64.4
05,12,05,21,62.6
05,12,05,22,57.2
05,12,05,23,54.5
05,13,05,00,50.9
05,13,05,01,48.2
05,13,05,02,49.1
05,13,05,03,48.2
05,13,05,04,46.4
05,13,05,05,46.4
05,13,05,06,46.4
05,13,05,07,70.7
05,13,05,08,74.3
05,13,05,09,81.5
05,13,05,10,84.2
05,13,05,11,121.1
05,13,05,12,92.3
05,13,05,13,94.1
05,13,05,14,89.6
05,13,05,15,131
05,13,05,16,89.6
05,13,05,17,77.9
05,13,05,18,68
05,13,05,19,64.4
05,13,05,20,57.2
05,13,05,21,51.8
05,13,05,22,55.4
05,13,05,23,50.9
05,14,05,00,49.1
05,14,05,01,50
05,14,05,02,48.2
05,14,05,03,46.4
05,14,05,04,47.3
05,14,05,05,45.5
05,14,05,06,50
05,14,05,07,54.5
05,14,05,08,52.7
05,14,05,09,67.1
05,14,05,10,88.7
05,14,05,11,82.4
05,14,05,12,82.4
05,14,05,13,107.6
05,14,05,14,72.5
05,14,05,15,67.1
05,14,05,16,70.7
05,14,05,17,74.3
05,14,05,18,79.7
05,14,05,19,77.9
05,14,05,20,72.5
05,14,05,21,70.7
05,14,05,22,69.8
05,14,05,23,69.8
05,15,05,00,68
05,15,05,01,66.2
05,15,05,02,65.3
05,15,05,03,64.4
05,15,05,04,63.5
05,15,05,05,62.6
05,15,05,06,61.7
05,15,05,07,61.7
05,15,05,08,60.8
05,15,05,09,61.7
05,15,05,10,61.7
05,15,05,11,63.5
05,15,05,12,66.2
05,15,05,13,67.1
05,15,05,14,67.1
05,15,05,15,68
05,15,05,16,69.8
05,15,05,17,70.7
05,15,05,18,72.5
05,15,05,19,73.4
05,15,05,20,70.7
05,15,05,21,70.7
05,15,05,22,68.9
05,15,05,23,68
05,16,05,00,69.8
05,16,05,01,69.8
05,16,05,02,69.8
05,16,05,03,69.8
05,16,05,04,68.9
05,16,05,05,68.9
05,16,05,06,68.9
05,16,05,07,68.9
05,16,05,08,68
05,16,05,09,67.1
05,16,05,10,70.7
05,16,05,11,72.5
05,16,05,12,73.4
05,16,05,13,74.3
05,16,05,14,74.3
05,16,05,15,73.4
05,16,05,16,70.7
05,16,05,17,71.6
05,16,05,18,72.5
05,16,05,19,72.5
05,16,05,20,69.8
05,16,05,21,68
05,16,05,22,68
05,16,05,23,67.1
05,17,05,00,64.4
05,17,05,01,63.5
05,17,05,02,62.6
05,17,05,03,63.5
05,17,05,04,62.6
05,17,05,05,62.6
05,17,05,06,48.2
05,17,05,07,42.8
05,17,05,08,48.2
05,17,05,09,74.3
05,17,05,10,74.3
05,17,05,11,84.2
05,17,05,12,69.8
05,17,05,13,64.4
05,17,05,14,87.8
05,17,05,15,112.1
05,17,05,16,64.4
05,17,05,17,59
05,17,05,18,60.8
05,17,05,19,57.2
05,17,05,20,48.2
05,17,05,21,46.4
05,17,05,22,45.5
05,17,05,23,45.5
05,18,05,00,46.4
05,18,05,01,45.5
05,18,05,02,47.3
05,18,05,03,47.3
05,18,05,04,46.4
05,18,05,05,45.5
05,18,05,06,46.4
05,18,05,07,50
05,18,05,08,66.2
05,18,05,09,65.3
05,18,05,10,63.5
05,18,05,11,85.1
05,18,05,12,66.2
05,18,05,13,98.6
05,18,05,14,95.9
05,18,05,15,97.7
05,18,05,16,76.1
05,18,05,17,75.2
05,18,05,18,59
05,18,05,19,60.8
05,18,05,20,52.7
05,18,05,21,50
05,18,05,22,51.8
05,18,05,23,49.1
05,19,05,00,50.9
05,19,05,01,51.8
05,19,05,02,51.8
05,19,05,03,51.8
05,19,05,04,50.9
05,19,05,05,52.7
05,19,05,06,52.7
05,19,05,07,77.9
05,19,05,08,61.7
05,19,05,09,97.7
05,19,05,10,104
05,19,05,11,79.7
05,19,05,12,72.5
05,19,05,13,102.2
05,19,05,14,86
05,19,05,15,81.5
05,19,05,16,83.3
05,19,05,17,76.1
05,19,05,18,86
05,19,05,19,68.9
05,19,05,20,71.6
05,19,05,21,69.8
05,19,05,22,68
05,19,05,23,65.3
05,20,05,00,64.4
05,20,05,01,61.7
05,20,05,02,60.8
05,20,05,03,59
05,20,05,04,58.1
05,20,05,05,57.2
05,20,05,06,56.3
05,20,05,07,64.4
05,20,05,08,76.1
05,20,05,09,78.8
05,20,05,10,102.2
05,20,05,11,90.5
05,20,05,12,94.1
05,20,05,13,105.8
05,20,05,14,104
05,20,05,15,90.5
05,20,05,16,95.9
05,20,05,17,87.8
05,20,05,18,83.3
05,20,05,19,77
05,20,05,20,68
05,20,05,21,62.6
05,20,05,22,58.1
05,20,05,23,55.4
05,21,05,00,52.7
05,21,05,01,52.7
05,21,05,02,60.8
05,21,05,03,59.9
05,21,05,04,58.1
05,21,05,05,57.2
05,21,05,06,56.3
05,21,05,07,58.1
05,21,05,08,68.9
05,21,05,09,77.9
05,21,05,10,107.6
05,21,05,11,106.7
05,21,05,12,106.7
05,21,05,13,98.6
05,21,05,14,100.4
05,21,05,15,97.7
05,21,05,16,95
05,21,05,17,87.8
05,21,05,18,83.3
05,21,05,19,78.8
05,21,05,20,70.7
05,21,05,21,65.3
05,21,05,22,61.7
05,21,05,23,59.9
05,22,05,00,58.1
05,22,05,01,57.2
05,22,05,02,57.2
05,22,05,03,55.4
05,22,05,04,55.4
05,22,05,05,54.5
05,22,05,06,54.5
05,22,05,07,61.7
05,22,05,08,92.3
05,22,05,09,101.3
05,22,05,10,107.6
05,22,05,11,111.2
05,22,05,12,89.6
05,22,05,13,99.5
05,22,05,14,99.5
05,22,05,15,98.6
05,22,05,16,107.6
05,22,05,17,123.8
05,22,05,18,84.2
05,22,05,19,80.6
05,22,05,20,73.4
05,22,05,21,68
05,22,05,22,63.5
05,22,05,23,61.7
05,23,05,00,60.8
05,23,05,01,59
05,23,05,02,65.3
05,23,05,03,66.2
05,23,05,04,67.1
05,23,05,05,67.1
05,23,05,06,67.1
05,23,05,07,67.1
05,23,05,08,70.7
05,23,05,09,113.9
05,23,05,10,104
05,23,05,11,103.1
05,23,05,12,105.8
05,23,05,13,104
05,23,05,14,99.5
05,23,05,15,96.8
05,23,05,16,92.3
05,23,05,17,87.8
05,23,05,18,104.9
05,23,05,19,77
05,23,05,20,61.7
05,23,05,21,67.1
05,23,05,22,56.3
05,23,05,23,53.6
05,24,05,00,50.9
05,24,05,01,49.1
05,24,05,02,49.1
05,24,05,03,47.3
05,24,05,04,46.4
05,24,05,05,51.8
05,24,05,06,46.4
05,24,05,07,53.6
05,24,05,08,55.4
05,24,05,09,63.5
05,24,05,10,68.9
05,24,05,11,75.2
05,24,05,12,78.8
05,24,05,13,81.5
05,24,05,14,88.7
05,24,05,15,80.6
05,24,05,16,79.7
05,24,05,17,78.8
05,24,05,18,74.3
05,24,05,19,72.5
05,24,05,20,68.9
05,24,05,21,64.4
05,24,05,22,64.4
05,24,05,23,70.7
05,25,05,00,69.8
05,25,05,01,68.9
05,25,05,02,68.9
05,25,05,03,68
05,25,05,04,67.1
05,25,05,05,66.2
05,25,05,06,65.3
05,25,05,07,65.3
05,25,05,08,65.3
05,25,05,09,65.3
05,25,05,10,65.3
05,25,05,11,66.2
05,25,05,12,67.1
05,25,05,13,68
05,25,05,14,69.8
05,25,05,15,69.8
05,25,05,16,71.6
05,25,05,17,72.5
05,25,05,18,73.4
05,25,05,19,73.4
05,25,05,20,73.4
05,25,05,21,69.8
05,25,05,22,65.3
05,25,05,23,68
05,26,05,00,67.1
05,26,05,01,66.2
05,26,05,02,65.3
05,26,05,03,64.4
05,26,05,04,62.6
05,26,05,05,62.6
05,26,05,06,56.3
05,26,05,07,55.4
05,26,05,08,63.5
05,26,05,09,94.1
05,26,05,10,84.2
05,26,05,11,85.1
05,26,05,12,86
05,26,05,13,101.3
05,26,05,14,102.2
05,26,05,15,83.3
05,26,05,16,92.3
05,26,05,17,76.1
05,26,05,18,84.2
05,26,05,19,76.1
05,26,05,20,66.2
05,26,05,21,61.7
05,26,05,22,58.1
05,26,05,23,56.3
05,27,05,00,52.7
05,27,05,01,50.9
05,27,05,02,50.9
05,27,05,03,52.7
05,27,05,04,50
05,27,05,05,48.2
05,27,05,06,48.2
05,27,05,07,54.5
05,27,05,08,90.5
05,27,05,09,90.5
05,27,05,10,74.3
05,27,05,11,87.8
05,27,05,12,75.2
05,27,05,13,84.2
05,27,05,14,86
05,27,05,15,115.7
05,27,05,16,112.1
05,27,05,17,78.8
05,27,05,18,90.5
05,27,05,19,73.4
05,27,05,20,64.4
05,27,05,21,62.6
05,27,05,22,63.5
05,27,05,23,63.5
05,28,05,00,62.6
05,28,05,01,60.8
05,28,05,02,59
05,28,05,03,58.1
05,28,05,04,57.2
05,28,05,05,57.2
05,28,05,06,61.7
05,28,05,07,66.2
05,28,05,08,75.2
05,28,05,09,81.5
05,28,05,10,77.9
05,28,05,11,81.5
05,28,05,12,100.4
05,28,05,13,88.7
05,28,05,14,86
05,28,05,15,93.2
05,28,05,16,93.2
05,28,05,17,123.8
05,28,05,18,90.5
05,28,05,19,95
05,28,05,20,68.9
05,28,05,21,68.9
05,28,05,22,66.2
05,28,05,23,62.6
05,29,05,00,59.9
05,29,05,01,59
05,29,05,02,59
05,29,05,03,57.2
05,29,05,04,55.4
05,29,05,05,54.5
05,29,05,06,52.7
05,29,05,07,67.1
05,29,05,08,61.7
05,29,05,09,77.9
05,29,05,10,127.4
05,29,05,11,82.4
05,29,05,12,97.7
05,29,05,13,107.6
05,29,05,14,113.9
05,29,05,15,87.8
05,29,05,16,86.9
05,29,05,17,68.9
05,29,05,18,70.7
05,29,05,19,59
05,29,05,20,54.5
05,29,05,21,50
05,29,05,22,48.2
05,29,05,23,48.2
05,30,05,00,44.6
05,30,05,01,43.7
05,30,05,02,45.5
05,30,05,03,46.4
05,30,05,04,43.7
05,30,05,05,41.9
05,30,05,06,41.9
05,30,05,07,47.3
05,30,05,08,65.3
05,30,05,09,60.8
05,30,05,10,72.5
05,30,05,11,77.9
05,30,05,12,68.9
05,30,05,13,68
05,30,05,14,69.8
05,30,05,15,69.8
05,30,05,16,71.6
05,30,05,17,72.5
05,30,05,18,74.3
05,30,05,19,73.4
05,30,05,20,71.6
05,30,05,21,69.8
05,30,05,22,69.8
05,30,05,23,68
05,31,05,00,67.1
05,31,05,01,67.1
05,31,05,02,66.2
05,31,05,03,66.2
05,31,05,04,65.3
05,31,05,05,66.2
05,31,05,06,67.1
05,31,05,07,68
05,31,05,08,69.8
05,31,05,09,69.8
05,31,05,10,70.7
05,31,05,11,71.6
05,31,05,12,73.4
05,31,05,13,74.3
05,31,05,14,76.1
05,31,05,15,79.7
05,31,05,16,80.6
05,31,05,17,78.8
05,31,05,18,82.4
05,31,05,19,79.7
05,31,05,20,76.1
05,31,05,21,74.3
05,31,05,22,73.4
05,31,05,23,72.5
06,01,05,00,71.6
06,01,05,01,73.4
06,01,05,02,74.3
06,01,05,03,74.3
06,01,05,04,74.3
06,01,05,05,74.3
06,01,05,06,74.3
06,01,05,07,75.2
06,01,05,08,75.2
06,01,05,09,75.2
06,01,05,10,76.1
06,01,05,11,77
06,01,05,12,77.9
06,01,05,13,95.9
06,01,05,14,95
06,01,05,15,81.5
06,01,05,16,78.8
06,01,05,17,85.1
06,01,05,18,79.7
06,01,05,19,60.8
06,01,05,20,59.9
06,01,05,21,62.6
06,01,05,22,59
06,01,05,23,58.1
06,02,05,00,57.2
06,02,05,01,56.3
06,02,05,02,54.5
06,02,05,03,53.6
06,02,05,04,53.6
06,02,05,05,52.7
06,02,05,06,51.8
06,02,05,07,52.7
06,02,05,08,55.4
06,02,05,09,68.9
06,02,05,10,65.3
06,02,05,11,70.7
06,02,05,12,77
06,02,05,13,79.7
06,02,05,14,63.5
06,02,05,15,69.8
06,02,05,16,63.5
06,02,05,17,77.9
06,02,05,18,74.3
06,02,05,19,61.7
06,02,05,20,59.9
06,02,05,21,54.5
06,02,05,22,55.4
06,02,05,23,54.5
06,03,05,00,57.2
06,03,05,01,56.3
06,03,05,02,53.6
06,03,05,03,52.7
06,03,05,04,48.2
06,03,05,05,49.1
06,03,05,06,47.3
06,03,05,07,69.8
06,03,05,08,58.1
06,03,05,09,69.8
06,03,05,10,65.3
06,03,05,11,75.2
06,03,05,12,75.2
06,03,05,13,74.3
06,03,05,14,82.4
06,03,05,15,91.4
06,03,05,16,73.4
06,03,05,17,79.7
06,03,05,18,68
06,03,05,19,74.3
06,03,05,20,48.2
06,03,05,21,47.3
06,03,05,22,41
06,03,05,23,41
06,04,05,00,38.3
06,04,05,01,36.5
06,04,05,02,35.6
06,04,05,03,35.6
06,04,05,04,34.7
06,04,05,05,33.8
06,04,05,06,32.9
06,04,05,07,43.7
06,04,05,08,59.9
06,04,05,09,67.1
06,04,05,10,86
06,04,05,11,73.4
06,04,05,12,74.3
06,04,05,13,87.8
06,04,05,14,85.1
06,04,05,15,85.1
06,04,05,16,80.6
06,04,05,17,84.2
06,04,05,18,85.1
06,04,05,19,66.2
06,04,05,20,56.3
06,04,05,21,61.7
06,04,05,22,56.3
06,04,05,23,53.6
06,05,05,00,51.8
06,05,05,01,50.9
06,05,05,02,50
06,05,05,03,49.1
06,05,05,04,47.3
06,05,05,05,48.2
06,05,05,06,48.2
06,05,05,07,48.2
06,05,05,08,54.5
06,05,05,09,64.4
06,05,05,10,79.7
06,05,05,11,89.6
06,05,05,12,97.7
06,05,05,13,86
06,05,05,14,104.9
06,05,05,15,118.4
06,05,05,16,104
06,05,05,17,67.1
06,05,05,18,61.7
06,05,05,19,59
06,05,05,20,53.6
06,05,05,21,48.2
06,05,05,22,46.4
06,05,05,23,44.6
06,06,05,00,42.8
06,06,05,01,41.9
06,06,05,02,41
06,06,05,03,39.2
06,06,05,04,36.5
06,06,05,05,32.9
06,06,05,06,31.1
06,06,05,07,32.9
06,06,05,08,41.9
06,06,05,09,60.8
06,06,05,10,118.4
06,06,05,11,122.9
06,06,05,12,108.5
06,06,05,13,83.3
06,06,05,14,69.8
06,06,05,15,90.5
06,06,05,16,84.2
06,06,05,17,72.5
06,06,05,18,56.3
06,06,05,19,45.5
06,06,05,20,39.2
06,06,05,21,35.6
06,06,05,22,33.8
06,06,05,23,32
06,07,05,00,31.1
06,07,05,01,31.1
06,07,05,02,27.5
06,07,05,03,28.4
06,07,05,04,23.9
06,07,05,05,22.1
06,07,05,06,22.1
06,07,05,07,23.9
06,07,05,08,37.4
06,07,05,09,47.3
06,07,05,10,62.6
06,07,05,11,62.6
06,07,05,12,84.2
06,07,05,13,99.5
06,07,05,14,89.6
06,07,05,15,93.2
06,07,05,16,64.4
06,07,05,17,77
06,07,05,18,52.7
06,07,05,19,50.9
06,07,05,20,51.8
06,07,05,21,49.1
06,07,05,22,47.3
06,07,05,23,45.5
06,08,05,00,44.6
06,08,05,01,42.8
06,08,05,02,41.9
06,08,05,03,41.9
06,08,05,04,41
06,08,05,05,41
06,08,05,06,40.1
06,08,05,07,36.5
06,08,05,08,42.8
06,08,05,09,49.1
06,08,05,10,58.1
06,08,05,11,56.3
06,08,05,12,73.4
06,08,05,13,77.9
06,08,05,14,88.7
06,08,05,15,72.5
06,08,05,16,68.9
06,08,05,17,53.6
06,08,05,18,57.2
06,08,05,19,46.4
06,08,05,20,45.5
06,08,05,21,54.5
06,08,05,22,50
06,08,05,23,41.9
06,09,05,00,44.6
06,09,05,01,38.3
06,09,05,02,49.1
06,09,05,03,41
06,09,05,04,35.6
06,09,05,05,35.6
06,09,05,06,37.4
06,09,05,07,34.7
06,09,05,08,45.5
06,09,05,09,56.3
06,09,05,10,59
06,09,05,11,59
06,09,05,12,56.3
06,09,05,13,52.7
06,09,05,14,48.2
06,09,05,15,46.4
06,09,05,16,75.2
06,09,05,17,55.4
06,09,05,18,46.4
06,09,05,19,59
06,09,05,20,38.3
06,09,05,21,36.5
06,09,05,22,41.9
06,09,05,23,51.8
06,10,05,00,35.6
06,10,05,01,30.2
06,10,05,02,30.2
06,10,05,03,30.2
06,10,05,04,31.1
06,10,05,05,28.4
06,10,05,06,29.3
06,10,05,07,29.3
06,10,05,08,41.9
06,10,05,09,50
06,10,05,10,59.9
06,10,05,11,61.7
06,10,05,12,60.8
06,10,05,13,59.9
06,10,05,14,76.1
06,10,05,15,58.1
06,10,05,16,80.6
06,10,05,17,59.9
06,10,05,18,50.9
06,10,05,19,46.4
06,10,05,20,50
06,10,05,21,45.5
06,10,05,22,44.6
06,10,05,23,44.6
06,11,05,00,43.7
06,11,05,01,42.8
06,11,05,02,43.7
06,11,05,03,42.8
06,11,05,04,42.8
06,11,05,05,41.9
06,11,05,06,40.1
06,11,05,07,41
06,11,05,08,46.4
06,11,05,09,47.3
06,11,05,10,62.6
06,11,05,11,67.1
06,11,05,12,104.9
06,11,05,13,77.9
06,11,05,14,77
06,11,05,15,77.9
06,11,05,16,79.7
06,11,05,17,81.5
06,11,05,18,83.3
06,11,05,19,81.5
06,11,05,20,76.1
06,11,05,21,76.1
06,11,05,22,78.8
06,11,05,23,80.6
06,12,05,00,81.5
06,12,05,01,70.7
06,12,05,02,66.2
06,12,05,03,68.9
06,12,05,04,70.7
06,12,05,05,71.6
06,12,05,06,72.5
06,12,05,07,73.4
06,12,05,08,71.6
06,12,05,09,75.2
06,12,05,10,76.1
06,12,05,11,79.7
06,12,05,12,76.1
06,12,05,13,72.5
06,12,05,14,73.4
06,12,05,15,73.4
06,12,05,16,74.3
06,12,05,17,74.3
06,12,05,18,75.2
06,12,05,19,76.1
06,12,05,20,76.1
06,12,05,21,77
06,12,05,22,77.9
06,12,05,23,78.8
06,13,05,00,75.2
06,13,05,01,74.3
06,13,05,02,74.3
06,13,05,03,73.4
06,13,05,04,72.5
06,13,05,05,71.6
06,13,05,06,70.7
06,13,05,07,70.7
06,13,05,08,70.7
06,13,05,09,71.6
06,13,05,10,77.9
06,13,05,11,91.4
06,13,05,12,101.3
06,13,05,13,108.5
06,13,05,14,82.4
06,13,05,15,68.9
06,13,05,16,78.8
06,13,05,17,107.6
06,13,05,18,75.2
06,13,05,19,48.2
06,13,05,20,42.8
06,13,05,21,42.8
06,13,05,22,64.4
06,13,05,23,52.7
06,14,05,00,49.1
06,14,05,01,47.3
06,14,05,02,45.5
06,14,05,03,43.7
06,14,05,04,45.5
06,14,05,05,45.5
06,14,05,06,43.7
06,14,05,07,39.2
06,14,05,08,45.5
06,14,05,09,58.1
06,14,05,10,76.1
06,14,05,11,98.6
06,14,05,12,76.1
06,14,05,13,89.6
06,14,05,14,86
06,14,05,15,68.9
06,14,05,16,83.3
06,14,05,17,59.9
06,14,05,18,50
06,14,05,19,48.2
06,14,05,20,44.6
06,14,05,21,62.6
06,14,05,22,54.5
06,14,05,23,52.7
06,15,05,00,48.2
06,15,05,01,52.7
06,15,05,02,47.3
06,15,05,03,42.8
06,15,05,04,46.4
06,15,05,05,56.3
06,15,05,06,38.3
06,15,05,07,41
06,15,05,08,38.3
06,15,05,09,68.9
06,15,05,10,63.5
06,15,05,11,69.8
06,15,05,12,104
06,15,05,13,99.5
06,15,05,14,103.1
06,15,05,15,91.4
06,15,05,16,83.3
06,15,05,17,67.1
06,15,05,18,68.9
06,15,05,19,59
06,15,05,20,57.2
06,15,05,21,50.9
06,15,05,22,55.4
06,15,05,23,44.6
06,16,05,00,42.8
06,16,05,01,41
06,16,05,02,41
06,16,05,03,40.1
06,16,05,04,39.2
06,16,05,05,38.3
06,16,05,06,38.3
06,16,05,07,37.4
06,16,05,08,41
06,16,05,09,64.4
06,16,05,10,65.3
06,16,05,11,64.4
06,16,05,12,65.3
06,16,05,13,87.8
06,16,05,14,71.6
06,16,05,15,78.8
06,16,05,16,78.8
06,16,05,17,67.1
06,16,05,18,61.7
06,16,05,19,59.9
06,16,05,20,47.3
06,16,05,21,46.4
06,16,05,22,44.6
06,16,05,23,43.7
06,17,05,00,41.9
06,17,05,01,40.1
06,17,05,02,52.7
06,17,05,03,40.1
06,17,05,04,41
06,17,05,05,41
06,17,05,06,41
06,17,05,07,42.8
06,17,05,08,45.5
06,17,05,09,64.4
06,17,05,10,55.4
06,17,05,11,61.7
06,17,05,12,92.3
06,17,05,13,58.1
06,17,05,14,59.9
06,17,05,15,61.7
06,17,05,16,83.3
06,17,05,17,65.3
06,17,05,18,50
06,17,05,19,54.5
06,17,05,20,65.3
06,17,05,21,54.5
06,17,05,22,55.4
06,17,05,23,53.6
06,18,05,00,53.6
06,18,05,01,51.8
06,18,05,02,50.9
06,18,05,03,50.9
06,18,05,04,49.1
06,18,05,05,47.3
06,18,05,06,46.4
06,18,05,07,45.5
06,18,05,08,47.3
06,18,05,09,50.9
06,18,05,10,54.5
06,18,05,11,83.3
06,18,05,12,50.9
06,18,05,13,59
06,18,05,14,56.3
06,18,05,15,71.6
06,18,05,16,75.2
06,18,05,17,54.5
06,18,05,18,59.9
06,18,05,19,60.8
06,18,05,20,59.9
06,18,05,21,58.1
06,18,05,22,57.2
06,18,05,23,59.9
06,19,05,00,59.9
06,19,05,01,55.4
06,19,05,02,54.5
06,19,05,03,53.6
06,19,05,04,51.8
06,19,05,05,51.8
06,19,05,06,51.8
06,19,05,07,51.8
06,19,05,08,53.6
06,19,05,09,56.3
06,19,05,10,57.2
06,19,05,11,59
06,19,05,12,96.8
06,19,05,13,68.9
06,19,05,14,68
06,19,05,15,73.4
06,19,05,16,73.4
06,19,05,17,67.1
06,19,05,18,53.6
06,19,05,19,53.6
06,19,05,20,53.6
06,19,05,21,52.7
06,19,05,22,51.8
06,19,05,23,51.8
06,20,05,00,51.8
06,20,05,01,51.8
06,20,05,02,51.8
06,20,05,03,50.9
06,20,05,04,50.9
06,20,05,05,50.9
06,20,05,06,50.9
06,20,05,07,50
06,20,05,08,50
06,20,05,09,63.5
06,20,05,10,51.8
06,20,05,11,50.9
06,20,05,12,51.8
06,20,05,13,51.8
06,20,05,14,52.7
06,20,05,15,54.5
06,20,05,16,55.4
06,20,05,17,55.4
06,20,05,18,55.4
06,20,05,19,55.4
06,20,05,20,57.2
06,20,05,21,55.4
06,20,05,22,55.4
06,20,05,23,54.5
06,21,05,00,54.5
06,21,05,01,55.4
06,21,05,02,54.5
06,21,05,03,55.4
06,21,05,04,54.5
06,21,05,05,54.5
06,21,05,06,54.5
06,21,05,07,54.5
06,21,05,08,53.6
06,21,05,09,54.5
06,21,05,10,54.5
06,21,05,11,54.5
06,21,05,12,54.5
06,21,05,13,54.5
06,21,05,14,54.5
06,21,05,15,55.4
06,21,05,16,56.3
06,21,05,17,56.3
06,21,05,18,56.3
06,21,05,19,57.2
06,21,05,20,57.2
06,21,05,21,57.2
06,21,05,22,56.3
06,21,05,23,56.3
06,22,05,00,56.3
06,22,05,01,55.4
06,22,05,02,55.4
06,22,05,03,54.5
06,22,05,04,54.5
06,22,05,05,54.5
06,22,05,06,53.6
06,22,05,07,53.6
06,22,05,08,53.6
06,22,05,09,53.6
06,22,05,10,58.1
06,22,05,11,55.4
06,22,05,12,74.3
06,22,05,13,73.4
06,22,05,14,85.1
06,22,05,15,82.4
06,22,05,16,84.2
06,22,05,17,78.8
06,22,05,18,64.4
06,22,05,19,55.4
06,22,05,20,51.8
06,22,05,21,49.1
06,22,05,22,48.2
06,22,05,23,47.3
06,23,05,00,47.3
06,23,05,01,46.4
06,23,05,02,45.5
06,23,05,03,44.6
06,23,05,04,43.7
06,23,05,05,42.8
06,23,05,06,42.8
06,23,05,07,44.6
06,23,05,08,59
06,23,05,09,56.3
06,23,05,10,57.2
06,23,05,11,75.2
06,23,05,12,66.2
06,23,05,13,73.4
06,23,05,14,79.7
06,23,05,15,85.1
06,23,05,16,72.5
06,23,05,17,61.7
06,23,05,18,62.6
06,23,05,19,50
06,23,05,20,45.5
06,23,05,21,41.9
06,23,05,22,39.2
06,23,05,23,38.3
06,24,05,00,38.3
06,24,05,01,36.5
06,24,05,02,35.6
06,24,05,03,35.6
06,24,05,04,34.7
06,24,05,05,32
06,24,05,06,32.9
06,24,05,07,38.3
06,24,05,08,47.3
06,24,05,09,56.3
06,24,05,10,74.3
06,24,05,11,71.6
06,24,05,12,71.6
06,24,05,13,72.5
06,24,05,14,90.5
06,24,05,15,95
06,24,05,16,81.5
06,24,05,17,94.1
06,24,05,18,66.2
06,24,05,19,52.7
06,24,05,20,50
06,24,05,21,47.3
06,24,05,22,44.6
06,24,05,23,43.7
06,25,05,00,41.9
06,25,05,01,41
06,25,05,02,40.1
06,25,05,03,39.2
06,25,05,04,39.2
06,25,05,05,38.3
06,25,05,06,37.4
06,25,05,07,40.1
06,25,05,08,65.3
06,25,05,09,93.2
06,25,05,10,64.4
06,25,05,11,85.1
06,25,05,12,95.9
06,25,05,13,63.5
06,25,05,14,51.8
06,25,05,15,48.2
06,25,05,16,32
06,25,05,17,33.8
06,25,05,18,48.2
06,25,05,19,40.1
06,25,05,20,32
06,25,05,21,30.2
06,25,05,22,31.1
06,25,05,23,41
06,26,05,00,45.5
06,26,05,01,49.1
06,26,05,02,43.7
06,26,05,03,47.3
06,26,05,04,50
06,26,05,05,49.1
06,26,05,06,49.1
06,26,05,07,47.3
06,26,05,08,38.3
06,26,05,09,51.8
06,26,05,10,73.4
06,26,05,11,79.7
06,26,05,12,78.8
06,26,05,13,113
06,26,05,14,57.2
06,26,05,15,86
06,26,05,16,82.4
06,26,05,17,69.8
06,26,05,18,66.2
06,26,05,19,59
06,26,05,20,46.4
06,26,05,21,38.3
06,26,05,22,34.7
06,26,05,23,32.9
06,27,05,00,32.9
06,27,05,01,32
06,27,05,02,30.2
06,27,05,03,29.3
06,27,05,04,27.5
06,27,05,05,26.6
06,27,05,06,28.4
06,27,05,07,37.4
06,27,05,08,36.5
06,27,05,09,57.2
06,27,05,10,68.9
06,27,05,11,93.2
06,27,05,12,77
06,27,05,13,82.4
06,27,05,14,104.9
06,27,05,15,75.2
06,27,05,16,71.6
06,27,05,17,68.9
06,27,05,18,72.5
06,27,05,19,68.9
06,27,05,20,58.1
06,27,05,21,55.4
06,27,05,22,50
06,27,05,23,46.4
06,28,05,00,44.6
06,28,05,01,42.8
06,28,05,02,41
06,28,05,03,41.9
06,28,05,04,41.9
06,28,05,05,40.1
06,28,05,06,38.3
06,28,05,07,39.2
06,28,05,08,46.4
06,28,05,09,54.5
06,28,05,10,54.5
06,28,05,11,69.8
06,28,05,12,83.3
06,28,05,13,81.5
06,28,05,14,81.5
06,28,05,15,85.1
06,28,05,16,81.5
06,28,05,17,76.1
06,28,05,18,77.9
06,28,05,19,58.1
06,28,05,20,50.9
06,28,05,21,48.2
06,28,05,22,47.3
06,28,05,23,46.4
06,29,05,00,45.5
06,29,05,01,44.6
06,29,05,02,43.7
06,29,05,03,43.7
06,29,05,04,43.7
06,29,05,05,44.6
06,29,05,06,43.7
06,29,05,07,48.2
06,29,05,08,43.7
06,29,05,09,76.1
06,29,05,10,73.4
06,29,05,11,86.9
06,29,05,12,56.3
06,29,05,13,80.6
06,29,05,14,86.9
06,29,05,15,77
06,29,05,16,74.3
06,29,05,17,81.5
06,29,05,18,56.3
06,29,05,19,63.5
06,29,05,20,41.9
06,29,05,21,32.9
06,29,05,22,32.9
06,29,05,23,35.6
06,30,05,00,38.3
06,30,05,01,37.4
06,30,05,02,38.3
06,30,05,03,34.7
06,30,05,04,33.8
06,30,05,05,32
06,30,05,06,31.1
06,30,05,07,29.3
06,30,05,08,36.5
06,30,05,09,64.4
06,30,05,10,84.2
06,30,05,11,70.7
06,30,05,12,89.6
06,30,05,13,91.4
06,30,05,14,99.5
06,30,05,15,78.8
06,30,05,16,81.5
06,30,05,17,111.2
06,30,05,18,67.1
06,30,05,19,68
06,30,05,20,58.1
06,30,05,21,51.8
06,30,05,22,46.4
06,30,05,23,44.6
07,01,05,00,44.6
07,01,05,01,44.6
07,01,05,02,44.6
07,01,05,03,44.6
07,01,05,04,43.7
07,01,05,05,43.7
07,01,05,06,44.6
07,01,05,07,50
07,01,05,08,58.1
07,01,05,09,76.1
07,01,05,10,95.9
07,01,05,11,100.4
07,01,05,12,65.3
07,01,05,13,94.1
07,01,05,14,101.3
07,01,05,15,90.5
07,01,05,16,94.1
07,01,05,17,51.8
07,01,05,18,68.9
07,01,05,19,59
07,01,05,20,58.1
07,01,05,21,52.7
07,01,05,22,52.7
07,01,05,23,43.7
07,02,05,00,39.2
07,02,05,01,36.5
07,02,05,02,36.5
07,02,05,03,32.9
07,02,05,04,34.7
07,02,05,05,32.9
07,02,05,06,30.2
07,02,05,07,34.7
07,02,05,08,56.3
07,02,05,09,61.7
07,02,05,10,65.3
07,02,05,11,69.8
07,02,05,12,69.8
07,02,05,13,72.5
07,02,05,14,73.4
07,02,05,15,75.2
07,02,05,16,75.2
07,02,05,17,78.8
07,02,05,18,100.4
07,02,05,19,65.3
07,02,05,20,57.2
07,02,05,21,65.3
07,02,05,22,54.5
07,02,05,23,50.9
07,03,05,00,49.1
07,03,05,01,46.4
07,03,05,02,45.5
07,03,05,03,44.6
07,03,05,04,43.7
07,03,05,05,41.9
07,03,05,06,41
07,03,05,07,41
07,03,05,08,49.1
07,03,05,09,59.9
07,03,05,10,70.7
07,03,05,11,71.6
07,03,05,12,68.9
07,03,05,13,95
07,03,05,14,82.4
07,03,05,15,77.9
07,03,05,16,70.7
07,03,05,17,82.4
07,03,05,18,87.8
07,03,05,19,63.5
07,03,05,20,52.7
07,03,05,21,41
07,03,05,22,38.3
07,03,05,23,36.5
07,04,05,00,36.5
07,04,05,01,36.5
07,04,05,02,32.9
07,04,05,03,33.8
07,04,05,04,33.8
07,04,05,05,33.8
07,04,05,06,33.8
07,04,05,07,36.5
07,04,05,08,39.2
07,04,05,09,50
07,04,05,10,95.9
07,04,05,11,79.7
07,04,05,12,96.8
07,04,05,13,102.2
07,04,05,14,95
07,04,05,15,77.9
07,04,05,16,89.6
07,04,05,17,77.9
07,04,05,18,71.6
07,04,05,19,60.8
07,04,05,20,54.5
07,04,05,21,53.6
07,04,05,22,52.7
07,04,05,23,50.9
07,05,05,00,50
07,05,05,01,49.1
07,05,05,02,47.3
07,05,05,03,46.4
07,05,05,04,44.6
07,05,05,05,43.7
07,05,05,06,44.6
07,05,05,07,45.5
07,05,05,08,107.6
07,05,05,09,56.3
07,05,05,10,63.5
07,05,05,11,74.3
07,05,05,12,85.1
07,05,05,13,68.9
07,05,05,14,96.8
07,05,05,15,96.8
07,05,05,16,77.9
07,05,05,17,77
07,05,05,18,65.3
07,05,05,19,57.2
07,05,05,20,53.6
07,05,05,21,48.2
07,05,05,22,47.3
07,05,05,23,43.7
07,06,05,00,44.6
07,06,05,01,42.8
07,06,05,02,43.7
07,06,05,03,43.7
07,06,05,04,44.6
07,06,05,05,41.9
07,06,05,06,44.6
07,06,05,07,59.9
07,06,05,08,74.3
07,06,05,09,68
07,06,05,10,73.4
07,06,05,11,96.8
07,06,05,12,86
07,06,05,13,86
07,06,05,14,89.6
07,06,05,15,107.6
07,06,05,16,89.6
07,06,05,17,74.3
07,06,05,18,72.5
07,06,05,19,78.8
07,06,05,20,73.4
07,06,05,21,62.6
07,06,05,22,63.5
07,06,05,23,61.7
07,07,05,00,60.8
07,07,05,01,58.1
07,07,05,02,56.3
07,07,05,03,56.3
07,07,05,04,55.4
07,07,05,05,53.6
07,07,05,06,51.8
07,07,05,07,51.8
07,07,05,08,50.9
07,07,05,09,57.2
07,07,05,10,63.5
07,07,05,11,73.4
07,07,05,12,144.5
07,07,05,13,149.9
07,07,05,14,89.6
07,07,05,15,74.3
07,07,05,16,82.4
07,07,05,17,68
07,07,05,18,67.1
07,07,05,19,60.8
07,07,05,20,62.6
07,07,05,21,49.1
07,07,05,22,46.4
07,07,05,23,45.5
07,08,05,00,45.5
07,08,05,01,44.6
07,08,05,02,44.6
07,08,05,03,44.6
07,08,05,04,44.6
07,08,05,05,43.7
07,08,05,06,43.7
07,08,05,07,50
07,08,05,08,57.2
07,08,05,09,69.8
07,08,05,10,81.5
07,08,05,11,82.4
07,08,05,12,87.8
07,08,05,13,95.9
07,08,05,14,75.2
07,08,05,15,79.7
07,08,05,16,76.1
07,08,05,17,69.8
07,08,05,18,65.3
07,08,05,19,59.9
07,08,05,20,57.2
07,08,05,21,54.5
07,08,05,22,53.6
07,08,05,23,51.8
07,09,05,00,51.8
07,09,05,01,50.9
07,09,05,02,50
07,09,05,03,49.1
07,09,05,04,49.1
07,09,05,05,48.2
07,09,05,06,48.2
07,09,05,07,49.1
07,09,05,08,59
07,09,05,09,57.2
07,09,05,10,72.5
07,09,05,11,60.8
07,09,05,12,77.9
07,09,05,13,75.2
07,09,05,14,73.4
07,09,05,15,98.6
07,09,05,16,70.7
07,09,05,17,65.3
07,09,05,18,64.4
07,09,05,19,55.4
07,09,05,20,53.6
07,09,05,21,52.7
07,09,05,22,49.1
07,09,05,23,48.2
07,10,05,00,48.2
07,10,05,01,47.3
07,10,05,02,47.3
07,10,05,03,46.4
07,10,05,04,45.5
07,10,05,05,44.6
07,10,05,06,44.6
07,10,05,07,44.6
07,10,05,08,59.9
07,10,05,09,71.6
07,10,05,10,87.8
07,10,05,11,88.7
07,10,05,12,96.8
07,10,05,13,86
07,10,05,14,75.2
07,10,05,15,86
07,10,05,16,77
07,10,05,17,89.6
07,10,05,18,75.2
07,10,05,19,74.3
07,10,05,20,73.4
07,10,05,21,73.4
07,10,05,22,73.4
07,10,05,23,71.6
07,11,05,00,66.2
07,11,05,01,65.3
07,11,05,02,64.4
07,11,05,03,61.7
07,11,05,04,60.8
07,11,05,05,59.9
07,11,05,06,58.1
07,11,05,07,59.9
07,11,05,08,63.5
07,11,05,09,65.3
07,11,05,10,67.1
07,11,05,11,70.7
07,11,05,12,69.8
07,11,05,13,69.8
07,11,05,14,70.7
07,11,05,15,70.7
07,11,05,16,70.7
07,11,05,17,71.6
07,11,05,18,81.5
07,11,05,19,85.1
07,11,05,20,74.3
07,11,05,21,74.3
07,11,05,22,74.3
07,11,05,23,73.4
07,12,05,00,77
07,12,05,01,69.8
07,12,05,02,68
07,12,05,03,67.1
07,12,05,04,66.2
07,12,05,05,65.3
07,12,05,06,64.4
07,12,05,07,66.2
07,12,05,08,68
07,12,05,09,68.9
07,12,05,10,69.8
07,12,05,11,69.8
07,12,05,12,79.7
07,12,05,13,87.8
07,12,05,14,87.8
07,12,05,15,80.6
07,12,05,16,85.1
07,12,05,17,78.8
07,12,05,18,85.1
07,12,05,19,62.6
07,12,05,20,56.3
07,12,05,21,52.7
07,12,05,22,52.7
07,12,05,23,50
07,13,05,00,50.9
07,13,05,01,49.1
07,13,05,02,66.2
07,13,05,03,49.1
07,13,05,04,46.4
07,13,05,05,45.5
07,13,05,06,45.5
07,13,05,07,46.4
07,13,05,08,63.5
07,13,05,09,61.7
07,13,05,10,77
07,13,05,11,82.4
07,13,05,12,81.5
07,13,05,13,79.7
07,13,05,14,85.1
07,13,05,15,91.4
07,13,05,16,79.7
07,13,05,17,81.5
07,13,05,18,76.1
07,13,05,19,63.5
07,13,05,20,60.8
07,13,05,21,59
07,13,05,22,58.1
07,13,05,23,57.2
07,14,05,00,56.3
07,14,05,01,59
07,14,05,02,57.2
07,14,05,03,57.2
07,14,05,04,58.1
07,14,05,05,52.7
07,14,05,06,50.9
07,14,05,07,57.2
07,14,05,08,66.2
07,14,05,09,67.1
07,14,05,10,82.4
07,14,05,11,74.3
07,14,05,12,71.6
07,14,05,13,93.2
07,14,05,14,78.8
07,14,05,15,83.3
07,14,05,16,80.6
07,14,05,17,85.1
07,14,05,18,84.2
07,14,05,19,77
07,14,05,20,76.1
07,14,05,21,75.2
07,14,05,22,75.2
07,14,05,23,75.2
07,15,05,00,75.2
07,15,05,01,74.3
07,15,05,02,73.4
07,15,05,03,72.5
07,15,05,04,70.7
07,15,05,05,69.8
07,15,05,06,69.8
07,15,05,07,64.4
07,15,05,08,85.1
07,15,05,09,77
07,15,05,10,89.6
07,15,05,11,88.7
07,15,05,12,93.2
07,15,05,13,89.6
07,15,05,14,77
07,15,05,15,87.8
07,15,05,16,84.2
07,15,05,17,83.3
07,15,05,18,81.5
07,15,05,19,71.6
07,15,05,20,58.1
07,15,05,21,57.2
07,15,05,22,50.9
07,15,05,23,51.8
07,16,05,00,50.9
07,16,05,01,50.9
07,16,05,02,50.9
07,16,05,03,51.8
07,16,05,04,50
07,16,05,05,48.2
07,16,05,06,56.3
07,16,05,07,12
07,16,05,08,75.2
07,16,05,09,95.9
07,16,05,10,85.1
07,16,05,11,96.8
07,16,05,12,86.9
07,16,05,13,99.5
07,16,05,14,95.9
07,16,05,15,93.2
07,16,05,16,92.3
07,16,05,17,88.7
07,16,05,18,86
07,16,05,19,78.8
07,16,05,20,74.3
07,16,05,21,66.2
07,16,05,22,64.4
07,16,05,23,64.4
07,17,05,00,64.4
07,17,05,01,62.6
07,17,05,02,57.2
07,17,05,03,60.8
07,17,05,04,63.5
07,17,05,05,64.4
07,17,05,06,64.4
07,17,05,07,70.7
07,17,05,08,73.4
07,17,05,09,74.3
07,17,05,10,92.3
07,17,05,11,90.5
07,17,05,12,90.5
07,17,05,13,16
07,17,05,14,14
07,17,05,15,93.2
07,17,05,16,95.9
07,17,05,17,80.6
07,17,05,18,83.3
07,17,05,19,77.9
07,17,05,20,73.4
07,17,05,21,68
07,17,05,22,66.2
07,17,05,23,65.3
07,18,05,00,65.3
07,18,05,01,64.4
07,18,05,02,63.5
07,18,05,03,62.6
07,18,05,04,63.5
07,18,05,05,63.5
07,18,05,06,63.5
07,18,05,07,69.8
07,18,05,08,76.1
07,18,05,09,77.9
07,18,05,10,95
07,18,05,11,87.8
07,18,05,12,89.6
07,18,05,13,99.5
07,18,05,14,95
07,18,05,15,93.2
07,18,05,16,16
07,18,05,17,96.8
07,18,05,18,87.8
07,18,05,19,77
07,18,05,20,73.4
07,18,05,21,66.2
07,18,05,22,61.7
07,18,05,23,62.6
07,19,05,00,59.9
07,19,05,01,59
07,19,05,02,59.9
07,19,05,03,60.8
07,19,05,04,61.7
07,19,05,05,61.7
07,19,05,06,69.8
07,19,05,07,87.8
07,19,05,08,73.4
07,19,05,09,75.2
07,19,05,10,77
07,19,05,11,94.1
07,19,05,12,93.2
07,19,05,13,90.5
07,19,05,14,95.9
07,19,05,15,85.1
07,19,05,16,91.4
07,19,05,17,91.4
07,19,05,18,91.4
07,19,05,19,87.8
07,19,05,20,85.1
07,19,05,21,84.2
07,19,05,22,83.3
07,19,05,23,81.5
07,20,05,00,80.6
07,20,05,01,77
07,20,05,02,75.2
07,20,05,03,74.3
07,20,05,04,72.5
07,20,05,05,71.6
07,20,05,06,70.7
07,20,05,07,69.8
07,20,05,08,68.9
07,20,05,09,70.7
07,20,05,10,76.1
07,20,05,11,84.2
07,20,05,12,95
07,20,05,13,95.9
07,20,05,14,91.4
07,20,05,15,86
07,20,05,16,88.7
07,20,05,17,83.3
07,20,05,18,79.7
07,20,05,19,73.4
07,20,05,20,67.1
07,20,05,21,67.1
07,20,05,22,66.2
07,20,05,23,65.3
07,21,05,00,64.4
07,21,05,01,62.6
07,21,05,02,61.7
07,21,05,03,61.7
07,21,05,04,60.8
07,21,05,05,59.9
07,21,05,06,59
07,21,05,07,59
07,21,05,08,59.9
07,21,05,09,73.4
07,21,05,10,80.6
07,21,05,11,84.2
07,21,05,12,85.1
07,21,05,13,82.4
07,21,05,14,83.3
07,21,05,15,88.7
07,21,05,16,79.7
07,21,05,17,75.2
07,21,05,18,77.9
07,21,05,19,78.8
07,21,05,20,76.1
07,21,05,21,78.8
07,21,05,22,78.8
07,21,05,23,77.9
07,22,05,00,77
07,22,05,01,72.5
07,22,05,02,70.7
07,22,05,03,68.9
07,22,05,04,65.3
07,22,05,05,66.2
07,22,05,06,64.4
07,22,05,07,66.2
07,22,05,08,71.6
07,22,05,09,74.3
07,22,05,10,81.5
07,22,05,11,19
07,22,05,12,98.6
07,22,05,13,77
07,22,05,14,86.9
07,22,05,15,85.1
07,22,05,16,78.8
07,22,05,17,76.1
07,22,05,18,75.2
07,22,05,19,72.5
07,22,05,20,59.9
07,22,05,21,53.6
07,22,05,22,50.9
07,22,05,23,45.5
07,23,05,00,44.6
07,23,05,01,45.5
07,23,05,02,48.2
07,23,05,03,48.2
07,23,05,04,47.3
07,23,05,05,47.3
07,23,05,06,45.5
07,23,05,07,46.4
07,23,05,08,50
07,23,05,09,55.4
07,23,05,10,62.6
07,23,05,11,95.9
07,23,05,12,96.8
07,23,05,13,12
07,23,05,14,95.9
07,23,05,15,89.6
07,23,05,16,87.8
07,23,05,17,86
07,23,05,18,89.6
07,23,05,19,83.3
07,23,05,20,77.9
07,23,05,21,66.2
07,23,05,22,64.4
07,23,05,23,63.5
07,24,05,00,61.7
07,24,05,01,59.9
07,24,05,02,59.9
07,24,05,03,58.1
07,24,05,04,57.2
07,24,05,05,56.3
07,24,05,06,55.4
07,24,05,07,55.4
07,24,05,08,62.6
07,24,05,09,76.1
07,24,05,10,86.9
07,24,05,11,96.8
07,24,05,12,18
07,24,05,13,93.2
07,24,05,14,92.3
07,24,05,15,11
07,24,05,16,19
07,24,05,17,11
07,24,05,18,87.8
07,24,05,19,86
07,24,05,20,79.7
07,24,05,21,69.8
07,24,05,22,60.8
07,24,05,23,57.2
07,25,05,00,53.6
07,25,05,01,50.9
07,25,05,02,49.1
07,25,05,03,47.3
07,25,05,04,45.5
07,25,05,05,44.6
07,25,05,06,43.7
07,25,05,07,45.5
07,25,05,08,55.4
07,25,05,09,68.9
07,25,05,10,72.5
07,25,05,11,77.9
07,25,05,12,83.3
07,25,05,13,87.8
07,25,05,14,85.1
07,25,05,15,15
07,25,05,16,99.5
07,25,05,17,92.3
07,25,05,18,91.4
07,25,05,19,81.5
07,25,05,20,76.1
07,25,05,21,64.4
07,25,05,22,60.8
07,25,05,23,59.9
07,26,05,00,59
07,26,05,01,58.1
07,26,05,02,58.1
07,26,05,03,58.1
07,26,05,04,57.2
07,26,05,05,56.3
07,26,05,06,55.4
07,26,05,07,55.4
07,26,05,08,62.6
07,26,05,09,65.3
07,26,05,10,73.4
07,26,05,11,79.7
07,26,05,12,78.8
07,26,05,13,91.4
07,26,05,14,93.2
07,26,05,15,99.5
07,26,05,16,87.8
07,26,05,17,87.8
07,26,05,18,81.5
07,26,05,19,68.9
07,26,05,20,67.1
07,26,05,21,50.9
07,26,05,22,46.4
07,26,05,23,49.1
07,27,05,00,50.9
07,27,05,01,46.4
07,27,05,02,46.4
07,27,05,03,45.5
07,27,05,04,43.7
07,27,05,05,44.6
07,27,05,06,44.6
07,27,05,07,52.7
07,27,05,08,84.2
07,27,05,09,89.6
07,27,05,10,88.7
07,27,05,11,82.4
07,27,05,12,85.1
07,27,05,13,96.8
07,27,05,14,92.3
07,27,05,15,90.5
07,27,05,16,79.7
07,27,05,17,81.5
07,27,05,18,79.7
07,27,05,19,77
07,27,05,20,68.9
07,27,05,21,63.5
07,27,05,22,59.9
07,27,05,23,59
07,28,05,00,59
07,28,05,01,59
07,28,05,02,59
07,28,05,03,57.2
07,28,05,04,55.4
07,28,05,05,54.5
07,28,05,06,53.6
07,28,05,07,56.3
07,28,05,08,54.5
07,28,05,09,66.2
07,28,05,10,77
07,28,05,11,73.4
07,28,05,12,81.5
07,28,05,13,83.3
07,28,05,14,14
07,28,05,15,83.3
07,28,05,16,77
07,28,05,17,74.3
07,28,05,18,76.1
07,28,05,19,77
07,28,05,20,78.8
07,28,05,21,78.8
07,28,05,22,75.2
07,28,05,23,75.2
07,29,05,00,77.9
07,29,05,01,74.3
07,29,05,02,71.6
07,29,05,03,71.6
07,29,05,04,71.6
07,29,05,05,71.6
07,29,05,06,71.6
07,29,05,07,71.6
07,29,05,08,72.5
07,29,05,09,73.4
07,29,05,10,75.2
07,29,05,11,89.6
07,29,05,12,89.6
07,29,05,13,11
07,29,05,14,11
07,29,05,15,90.5
07,29,05,16,96.8
07,29,05,17,91.4
07,29,05,18,75.2
07,29,05,19,67.1
07,29,05,20,63.5
07,29,05,21,63.5
07,29,05,22,60.8
07,29,05,23,59.9
07,30,05,00,59
07,30,05,01,58.1
07,30,05,02,57.2
07,30,05,03,57.2
07,30,05,04,56.3
07,30,05,05,55.4
07,30,05,06,55.4
07,30,05,07,71.6
07,30,05,08,90.5
07,30,05,09,95
07,30,05,10,78.8
07,30,05,11,79.7
07,30,05,12,86.9
07,30,05,13,74.3
07,30,05,14,95
07,30,05,15,73.4
07,30,05,16,76.1
07,30,05,17,84.2
07,30,05,18,68.9
07,30,05,19,71.6
07,30,05,20,67.1
07,30,05,21,62.6
07,30,05,22,59
07,30,05,23,55.4
07,31,05,00,53.6
07,31,05,01,51.8
07,31,05,02,50.9
07,31,05,03,50
07,31,05,04,49.1
07,31,05,05,49.1
07,31,05,06,50
07,31,05,07,55.4
07,31,05,08,84.2
07,31,05,09,94.1
07,31,05,10,11
07,31,05,11,82.4
07,31,05,12,82.4
07,31,05,13,83.3
07,31,05,14,89.6
07,31,05,15,82.4
07,31,05,16,74.3
07,31,05,17,70.7
07,31,05,18,68.9
07,31,05,19,65.3
07,31,05,20,63.5
07,31,05,21,58.1
07,31,05,22,56.3
07,31,05,23,56.3
08,01,05,00,56.3
08,01,05,01,55.4
08,01,05,02,54.5
08,01,05,03,53.6
08,01,05,04,53.6
08,01,05,05,50.9
08,01,05,06,50.9
08,01,05,07,50.9
08,01,05,08,58.1
08,01,05,09,65.3
08,01,05,10,63.5
08,01,05,11,84.2
08,01,05,12,73.4
08,01,05,13,85.1
08,01,05,14,84.2
08,01,05,15,80.6
08,01,05,16,91.4
08,01,05,17,72.5
08,01,05,18,68.9
08,01,05,19,62.6
08,01,05,20,59.9
08,01,05,21,52.7
08,01,05,22,53.6
08,01,05,23,54.5
08,02,05,00,54.5
08,02,05,01,53.6
08,02,05,02,51.8
08,02,05,03,51.8
08,02,05,04,50
08,02,05,05,50
08,02,05,06,48.2
08,02,05,07,54.5
08,02,05,08,54.5
08,02,05,09,65.3
08,02,05,10,67.1
08,02,05,11,86
08,02,05,12,86.9
08,02,05,13,72.5
08,02,05,14,88.7
08,02,05,15,79.7
08,02,05,16,80.6
08,02,05,17,82.4
08,02,05,18,81.5
08,02,05,19,82.4
08,02,05,20,77
08,02,05,21,72.5
08,02,05,22,77.9
08,02,05,23,74.3
08,03,05,00,69.8
08,03,05,01,65.3
08,03,05,02,64.4
08,03,05,03,66.2
08,03,05,04,63.5
08,03,05,05,64.4
08,03,05,06,63.5
08,03,05,07,70.7
08,03,05,08,68
08,03,05,09,80.6
08,03,05,10,86.9
08,03,05,11,14
08,03,05,12,94.1
08,03,05,13,19
08,03,05,14,77.9
08,03,05,15,91.4
08,03,05,16,89.6
08,03,05,17,76.1
08,03,05,18,95
08,03,05,19,70.7
08,03,05,20,63.5
08,03,05,21,61.7
08,03,05,22,58.1
08,03,05,23,57.2
08,04,05,00,56.3
08,04,05,01,55.4
08,04,05,02,54.5
08,04,05,03,53.6
08,04,05,04,52.7
08,04,05,05,51.8
08,04,05,06,52.7
08,04,05,07,57.2
08,04,05,08,72.5
08,04,05,09,75.2
08,04,05,10,95.9
08,04,05,11,74.3
08,04,05,12,83.3
08,04,05,13,82.4
08,04,05,14,99.5
08,04,05,15,17
08,04,05,16,19
08,04,05,17,12
08,04,05,18,15
08,04,05,19,91.4
08,04,05,20,86
08,04,05,21,77
08,04,05,22,73.4
08,04,05,23,69.8
08,05,05,00,68
08,05,05,01,66.2
08,05,05,02,64.4
08,05,05,03,63.5
08,05,05,04,61.7
08,05,05,05,60.8
08,05,05,06,59.9
08,05,05,07,60.8
08,05,05,08,68.9
08,05,05,09,90.5
08,05,05,10,16
08,05,05,11,19
08,05,05,12,99.5
08,05,05,13,99.5
08,05,05,14,16
08,05,05,15,16
08,05,05,16,14
08,05,05,17,99.5
08,05,05,18,95
08,05,05,19,91.4
08,05,05,20,83.3
08,05,05,21,75.2
08,05,05,22,68.9
08,05,05,23,66.2
08,06,05,00,63.5
08,06,05,01,62.6
08,06,05,02,60.8
08,06,05,03,59.9
08,06,05,04,60.8
08,06,05,05,60.8
08,06,05,06,60.8
08,06,05,07,62.6
08,06,05,08,68.9
08,06,05,09,85.1
08,06,05,10,74.3
08,06,05,11,77.9
08,06,05,12,78.8
08,06,05,13,74.3
08,06,05,14,97.7
08,06,05,15,96.8
08,06,05,16,80.6
08,06,05,17,77.9
08,06,05,18,86
08,06,05,19,69.8
08,06,05,20,64.4
08,06,05,21,64.4
08,06,05,22,62.6
08,06,05,23,61.7
08,07,05,00,61.7
08,07,05,01,59
08,07,05,02,59
08,07,05,03,58.1
08,07,05,04,56.3
08,07,05,05,56.3
08,07,05,06,56.3
08,07,05,07,59
08,07,05,08,69.8
08,07,05,09,67.1
08,07,05,10,76.1
08,07,05,11,80.6
08,07,05,12,77.9
08,07,05,13,74.3
08,07,05,14,90.5
08,07,05,15,14
08,07,05,16,87.8
08,07,05,17,87.8
08,07,05,18,82.4
08,07,05,19,83.3
08,07,05,20,81.5
08,07,05,21,74.3
08,07,05,22,70.7
08,07,05,23,68.9
08,08,05,00,67.1
08,08,05,01,69.8
08,08,05,02,68
08,08,05,03,66.2
08,08,05,04,68
08,08,05,05,65.3
08,08,05,06,66.2
08,08,05,07,66.2
08,08,05,08,66.2
08,08,05,09,69.8
08,08,05,10,70.7
08,08,05,11,70.7
08,08,05,12,74.3
08,08,05,13,76.1
08,08,05,14,77.9
08,08,05,15,80.6
08,08,05,16,83.3
08,08,05,17,85.1
08,08,05,18,86.9
08,08,05,19,86
08,08,05,20,82.4
08,08,05,21,78.8
08,08,05,22,79.7
08,08,05,23,77.9
08,09,05,00,76.1
08,09,05,01,75.2
08,09,05,02,75.2
08,09,05,03,74.3
08,09,05,04,74.3
08,09,05,05,73.4
08,09,05,06,72.5
08,09,05,07,71.6
08,09,05,08,71.6
08,09,05,09,71.6
08,09,05,10,81.5
08,09,05,11,79.7
08,09,05,12,86
08,09,05,13,86
08,09,05,14,89.6
08,09,05,15,86
08,09,05,16,76.1
08,09,05,17,77
08,09,05,18,83.3
08,09,05,19,76.1
08,09,05,20,69.8
08,09,05,21,68
08,09,05,22,58.1
08,09,05,23,55.4
08,10,05,00,52.7
08,10,05,01,50.9
08,10,05,02,49.1
08,10,05,03,48.2
08,10,05,04,47.3
08,10,05,05,46.4
08,10,05,06,47.3
08,10,05,07,48.2
08,10,05,08,56.3
08,10,05,09,65.3
08,10,05,10,65.3
08,10,05,11,70.7
08,10,05,12,79.7
08,10,05,13,83.3
08,10,05,14,82.4
08,10,05,15,85.1
08,10,05,16,86.9
08,10,05,17,77
08,10,05,18,73.4
08,10,05,19,68.9
08,10,05,20,57.2
08,10,05,21,51.8
08,10,05,22,47.3
08,10,05,23,45.5
08,11,05,00,43.7
08,11,05,01,41.9
08,11,05,02,41.9
08,11,05,03,41
08,11,05,04,40.1
08,11,05,05,41
08,11,05,06,40.1
08,11,05,07,39.2
08,11,05,08,47.3
08,11,05,09,65.3
08,11,05,10,70.7
08,11,05,11,91.4
08,11,05,12,78.8
08,11,05,13,77.9
08,11,05,14,93.2
08,11,05,15,88.7
08,11,05,16,77
08,11,05,17,78.8
08,11,05,18,68
08,11,05,19,63.5
08,11,05,20,59
08,11,05,21,49.1
08,11,05,22,45.5
08,11,05,23,41.9
08,12,05,00,43.7
08,12,05,01,41.9
08,12,05,02,45.5
08,12,05,03,41.9
08,12,05,04,38.3
08,12,05,05,38.3
08,12,05,06,40.1
08,12,05,07,48.2
08,12,05,08,53.6
08,12,05,09,57.2
08,12,05,10,62.6
08,12,05,11,86
08,12,05,12,67.1
08,12,05,13,69.8
08,12,05,14,87.8
08,12,05,15,91.4
08,12,05,16,82.4
08,12,05,17,80.6
08,12,05,18,83.3
08,12,05,19,73.4
08,12,05,20,63.5
08,12,05,21,54.5
08,12,05,22,52.7
08,12,05,23,56.3
08,13,05,00,54.5
08,13,05,01,52.7
08,13,05,02,48.2
08,13,05,03,51.8
08,13,05,04,45.5
08,13,05,05,44.6
08,13,05,06,46.4
08,13,05,07,51.8
08,13,05,08,78.8
08,13,05,09,59
08,13,05,10,57.2
08,13,05,11,77
08,13,05,12,98.6
08,13,05,13,20
08,13,05,14,77.9
08,13,05,15,71.6
08,13,05,16,95
08,13,05,17,13
08,13,05,18,78.8
08,13,05,19,71.6
08,13,05,20,64.4
08,13,05,21,57.2
08,13,05,22,55.4
08,13,05,23,54.5
08,14,05,00,52.7
08,14,05,01,51.8
08,14,05,02,50
08,14,05,03,49.1
08,14,05,04,48.2
08,14,05,05,47.3
08,14,05,06,46.4
08,14,05,07,43.7
08,14,05,08,52.7
08,14,05,09,55.4
08,14,05,10,61.7
08,14,05,11,67.1
08,14,05,12,72.5
08,14,05,13,74.3
08,14,05,14,84.2
08,14,05,15,81.5
08,14,05,16,85.1
08,14,05,17,80.6
08,14,05,18,75.2
08,14,05,19,66.2
08,14,05,20,59.9
08,14,05,21,57.2
08,14,05,22,55.4
08,14,05,23,54.5
08,15,05,00,53.6
08,15,05,01,53.6
08,15,05,02,52.7
08,15,05,03,53.6
08,15,05,04,52.7
08,15,05,05,54.5
08,15,05,06,54.5
08,15,05,07,60.8
08,15,05,08,58.1
08,15,05,09,61.7
08,15,05,10,69.8
08,15,05,11,75.2
08,15,05,12,72.5
08,15,05,13,96.8
08,15,05,14,96.8
08,15,05,15,84.2
08,15,05,16,77
08,15,05,17,76.1
08,15,05,18,75.2
08,15,05,19,68
08,15,05,20,65.3
08,15,05,21,60.8
08,15,05,22,58.1
08,15,05,23,55.4
08,16,05,00,54.5
08,16,05,01,53.6
08,16,05,02,53.6
08,16,05,03,53.6
08,16,05,04,52.7
08,16,05,05,52.7
08,16,05,06,51.8
08,16,05,07,57.2
08,16,05,08,56.3
08,16,05,09,62.6
08,16,05,10,65.3
08,16,05,11,68
08,16,05,12,84.2
08,16,05,13,72.5
08,16,05,14,76.1
08,16,05,15,94.1
08,16,05,16,82.4
08,16,05,17,67.1
08,16,05,18,67.1
08,16,05,19,62.6
08,16,05,20,57.2
08,16,05,21,51.8
08,16,05,22,49.1
08,16,05,23,48.2
08,17,05,00,45.5
08,17,05,01,43.7
08,17,05,02,42.8
08,17,05,03,42.8
08,17,05,04,41.9
08,17,05,05,41.9
08,17,05,06,45.5
08,17,05,07,44.6
08,17,05,08,50
08,17,05,09,52.7
08,17,05,10,57.2
08,17,05,11,67.1
08,17,05,12,74.3
08,17,05,13,69.8
08,17,05,14,68.9
08,17,05,15,82.4
08,17,05,16,71.6
08,17,05,17,63.5
08,17,05,18,60.8
08,17,05,19,58.1
08,17,05,20,51.8
08,17,05,21,49.1
08,17,05,22,48.2
08,17,05,23,47.3
08,18,05,00,47.3
08,18,05,01,45.5
08,18,05,02,44.6
08,18,05,03,44.6
08,18,05,04,43.7
08,18,05,05,42.8
08,18,05,06,42.8
08,18,05,07,40.1
08,18,05,08,43.7
08,18,05,09,50
08,18,05,10,62.6
08,18,05,11,13
08,18,05,12,10
08,18,05,13,92.3
08,18,05,14,88.7
08,18,05,15,21
08,18,05,16,78.8
08,18,05,17,98.6
08,18,05,18,76.1
08,18,05,19,77.9
08,18,05,20,77.9
08,18,05,21,77
08,18,05,22,76.1
08,18,05,23,72.5
08,19,05,00,72.5
08,19,05,01,71.6
08,19,05,02,68
08,19,05,03,65.3
08,19,05,04,64.4
08,19,05,05,62.6
08,19,05,06,62.6
08,19,05,07,63.5
08,19,05,08,65.3
08,19,05,09,68
08,19,05,10,68.9
08,19,05,11,70.7
08,19,05,12,72.5
08,19,05,13,73.4
08,19,05,14,74.3
08,19,05,15,75.2
08,19,05,16,76.1
08,19,05,17,77.9
08,19,05,18,73.4
08,19,05,19,70.7
08,19,05,20,75.2
08,19,05,21,73.4
08,19,05,22,72.5
08,19,05,23,75.2
08,20,05,00,73.4
08,20,05,01,72.5
08,20,05,02,71.6
08,20,05,03,69.8
08,20,05,04,68.9
08,20,05,05,68
08,20,05,06,67.1
08,20,05,07,66.2
08,20,05,08,67.1
08,20,05,09,68
08,20,05,10,81.5
08,20,05,11,85.1
08,20,05,12,87.8
08,20,05,13,19
08,20,05,14,96.8
08,20,05,15,79.7
08,20,05,16,95
08,20,05,17,83.3
08,20,05,18,80.6
08,20,05,19,73.4
08,20,05,20,65.3
08,20,05,21,57.2
08,20,05,22,53.6
08,20,05,23,52.7
08,21,05,00,51.8
08,21,05,01,50
08,21,05,02,49.1
08,21,05,03,48.2
08,21,05,04,50.9
08,21,05,05,50.9
08,21,05,06,47.3
08,21,05,07,57.2
08,21,05,08,63.5
08,21,05,09,62.6
08,21,05,10,73.4
08,21,05,11,86.9
08,21,05,12,86
08,21,05,13,91.4
08,21,05,14,98.6
08,21,05,15,91.4
08,21,05,16,79.7
08,21,05,17,77
08,21,05,18,72.5
08,21,05,19,67.1
08,21,05,20,61.7
08,21,05,21,54.5
08,21,05,22,53.6
08,21,05,23,54.5
08,22,05,00,56.3
08,22,05,01,57.2
08,22,05,02,55.4
08,22,05,03,49.1
08,22,05,04,53.6
08,22,05,05,50.9
08,22,05,06,49.1
08,22,05,07,50.9
08,22,05,08,54.5
08,22,05,09,59.9
08,22,05,10,61.7
08,22,05,11,68.9
08,22,05,12,81.5
08,22,05,13,78.8
08,22,05,14,77.9
08,22,05,15,77.9
08,22,05,16,68
08,22,05,17,65.3
08,22,05,18,64.4
08,22,05,19,61.7
08,22,05,20,54.5
08,22,05,21,54.5
08,22,05,22,51.8
08,22,05,23,50.9
08,23,05,00,50.9
08,23,05,01,50.9
08,23,05,02,50
08,23,05,03,50
08,23,05,04,49.1
08,23,05,05,46.4
08,23,05,06,46.4
08,23,05,07,45.5
08,23,05,08,46.4
08,23,05,09,48.2
08,23,05,10,53.6
08,23,05,11,55.4
08,23,05,12,62.6
08,23,05,13,64.4
08,23,05,14,52.7
08,23,05,15,62.6
08,23,05,16,60.8
08,23,05,17,52.7
08,23,05,18,65.3
08,23,05,19,64.4
08,23,05,20,65.3
08,23,05,21,66.2
08,23,05,22,65.3
08,23,05,23,45.5
08,24,05,00,68
08,24,05,01,67.1
08,24,05,02,66.2
08,24,05,03,65.3
08,24,05,04,65.3
08,24,05,05,64.4
08,24,05,06,63.5
08,24,05,07,63.5
08,24,05,08,63.5
08,24,05,09,67.1
08,24,05,10,59
08,24,05,11,68.9
08,24,05,12,63.5
08,24,05,13,77.9
08,24,05,14,68
08,24,05,15,81.5
08,24,05,16,72.5
08,24,05,17,72.5
08,24,05,18,66.2
08,24,05,19,60.8
08,24,05,20,59.9
08,24,05,21,59
08,24,05,22,58.1
08,24,05,23,58.1
08,25,05,00,57.2
08,25,05,01,57.2
08,25,05,02,57.2
08,25,05,03,56.3
08,25,05,04,56.3
08,25,05,05,56.3
08,25,05,06,56.3
08,25,05,07,58.1
08,25,05,08,59
08,25,05,09,56.3
08,25,05,10,61.7
08,25,05,11,68.9
08,25,05,12,93.2
08,25,05,13,76.1
08,25,05,14,94.1
08,25,05,15,81.5
08,25,05,16,91.4
08,25,05,17,95.9
08,25,05,18,84.2
08,25,05,19,82.4
08,25,05,20,75.2
08,25,05,21,71.6
08,25,05,22,75.2
08,25,05,23,75.2
08,26,05,00,71.6
08,26,05,01,74.3
08,26,05,02,74.3
08,26,05,03,72.5
08,26,05,04,71.6
08,26,05,05,70.7
08,26,05,06,70.7
08,26,05,07,69.8
08,26,05,08,69.8
08,26,05,09,69.8
08,26,05,10,70.7
08,26,05,11,72.5
08,26,05,12,83.3
08,26,05,13,85.1
08,26,05,14,81.5
08,26,05,15,80.6
08,26,05,16,77
08,26,05,17,79.7
08,26,05,18,72.5
08,26,05,19,69.8
08,26,05,20,68.9
08,26,05,21,64.4
08,26,05,22,60.8
08,26,05,23,59
08,27,05,00,58.1
08,27,05,01,57.2
08,27,05,02,57.2
08,27,05,03,56.3
08,27,05,04,55.4
08,27,05,05,55.4
08,27,05,06,54.5
08,27,05,07,53.6
08,27,05,08,54.5
08,27,05,09,56.3
08,27,05,10,65.3
08,27,05,11,68.9
08,27,05,12,70.7
08,27,05,13,73.4
08,27,05,14,86.9
08,27,05,15,80.6
08,27,05,16,81.5
08,27,05,17,77
08,27,05,18,68.9
08,27,05,19,67.1
08,27,05,20,63.5
08,27,05,21,64.4
08,27,05,22,61.7
08,27,05,23,59.9
08,28,05,00,59
08,28,05,01,58.1
08,28,05,02,58.1
08,28,05,03,57.2
08,28,05,04,57.2
08,28,05,05,57.2
08,28,05,06,57.2
08,28,05,07,57.2
08,28,05,08,60.8
08,28,05,09,59
08,28,05,10,65.3
08,28,05,11,65.3
08,28,05,12,68.9
08,28,05,13,68
08,28,05,14,71.6
08,28,05,15,69.8
08,28,05,16,73.4
08,28,05,17,66.2
08,28,05,18,62.6
08,28,05,19,61.7
08,28,05,20,57.2
08,28,05,21,55.4
08,28,05,22,54.5
08,28,05,23,55.4
08,29,05,00,52.7
08,29,05,01,49.1
08,29,05,02,47.3
08,29,05,03,46.4
08,29,05,04,46.4
08,29,05,05,45.5
08,29,05,06,44.6
08,29,05,07,44.6
08,29,05,08,44.6
08,29,05,09,41.9
08,29,05,10,41
08,29,05,11,41
08,29,05,12,52.7
08,29,05,13,61.7
08,29,05,14,53.6
08,29,05,15,47.3
08,29,05,16,50
08,29,05,17,45.5
08,29,05,18,42.8
08,29,05,19,43.7
08,29,05,20,42.8
08,29,05,21,44.6
08,29,05,22,44.6
08,29,05,23,44.6
08,30,05,00,44.6
08,30,05,01,44.6
08,30,05,02,44.6
08,30,05,03,43.7
08,30,05,04,42.8
08,30,05,05,42.8
08,30,05,06,42.8
08,30,05,07,42.8
08,30,05,08,50
08,30,05,09,43.7
08,30,05,10,43.7
08,30,05,11,55.4
08,30,05,12,75.2
08,30,05,13,56.3
08,30,05,14,59
08,30,05,15,59.9
08,30,05,16,69.8
08,30,05,17,50.9
08,30,05,18,54.5
08,30,05,19,62.6
08,30,05,20,72.5
08,30,05,21,73.4
08,30,05,22,74.3
08,30,05,23,74.3
08,31,05,00,70.7
08,31,05,01,68.9
08,31,05,02,68.9
08,31,05,03,68
08,31,05,04,67.1
08,31,05,05,67.1
08,31,05,06,66.2
08,31,05,07,68
08,31,05,08,68.9
08,31,05,09,69.8
08,31,05,10,58.1
08,31,05,11,59.9
08,31,05,12,69.8
08,31,05,13,75.2
08,31,05,14,67.1
08,31,05,15,71.6
08,31,05,16,69.8
08,31,05,17,59
08,31,05,18,56.3
08,31,05,19,53.6
08,31,05,20,50
08,31,05,21,49.1
08,31,05,22,49.1
08,31,05,23,48.2
09,01,05,00,47.3
09,01,05,01,48.2
09,01,05,02,49.1
09,01,05,03,49.1
09,01,05,04,50
09,01,05,05,50
09,01,05,06,50
09,01,05,07,55.4
09,01,05,08,55.4
09,01,05,09,65.3
09,01,05,10,62.6
09,01,05,11,81.5
09,01,05,12,85.1
09,01,05,13,78.8
09,01,05,14,87.8
09,01,05,15,68.9
09,01,05,16,64.4
09,01,05,17,67.1
09,01,05,18,57.2
09,01,05,19,57.2
09,01,05,20,51.8
09,01,05,21,57.2
09,01,05,22,56.3
09,01,05,23,55.4
09,02,05,00,54.5
09,02,05,01,53.6
09,02,05,02,53.6
09,02,05,03,52.7
09,02,05,04,51.8
09,02,05,05,51.8
09,02,05,06,50.9
09,02,05,07,50
09,02,05,08,53.6
09,02,05,09,55.4
09,02,05,10,65.3
09,02,05,11,62.6
09,02,05,12,63.5
09,02,05,13,62.6
09,02,05,14,66.2
09,02,05,15,64.4
09,02,05,16,60.8
09,02,05,17,54.5
09,02,05,18,56.3
09,02,05,19,65.3
09,02,05,20,69.8
09,02,05,21,72.5
09,02,05,22,71.6
09,02,05,23,69.8
09,03,05,00,69.8
09,03,05,01,68.9
09,03,05,02,68.9
09,03,05,03,68.9
09,03,05,04,68
09,03,05,05,67.1
09,03,05,06,67.1
09,03,05,07,66.2
09,03,05,08,67.1
09,03,05,09,68
09,03,05,10,68
09,03,05,11,71.6
09,03,05,12,70.7
09,03,05,13,71.6
09,03,05,14,73.4
09,03,05,15,75.2
09,03,05,16,77.9
09,03,05,17,76.1
09,03,05,18,75.2
09,03,05,19,74.3
09,03,05,20,74.3
09,03,05,21,74.3
09,03,05,22,74.3
09,03,05,23,74.3
09,04,05,00,75.2
09,04,05,01,73.4
09,04,05,02,73.4
09,04,05,03,73.4
09,04,05,04,72.5
09,04,05,05,72.5
09,04,05,06,72.5
09,04,05,07,71.6
09,04,05,08,73.4
09,04,05,09,93.2
09,04,05,10,60.8
09,04,05,11,59
09,04,05,12,56.3
09,04,05,13,54.5
09,04,05,14,48.2
09,04,05,15,46.4
09,04,05,16,41.9
09,04,05,17,41.9
09,04,05,18,45.5
09,04,05,19,47.3
09,04,05,20,50.9
09,04,05,21,46.4
09,04,05,22,45.5
09,04,05,23,43.7
09,05,05,00,41.9
09,05,05,01,39.2
09,05,05,02,38.3
09,05,05,03,38.3
09,05,05,04,37.4
09,05,05,05,37.4
09,05,05,06,36.5
09,05,05,07,36.5
09,05,05,08,44.6
09,05,05,09,41
09,05,05,10,44.6
09,05,05,11,63.5
09,05,05,12,67.1
09,05,05,13,65.3
09,05,05,14,68.9
09,05,05,15,66.2
09,05,05,16,63.5
09,05,05,17,65.3
09,05,05,18,51.8
09,05,05,19,50.9
09,05,05,20,50
09,05,05,21,49.1
09,05,05,22,46.4
09,05,05,23,45.5
09,06,05,00,45.5
09,06,05,01,44.6
09,06,05,02,44.6
09,06,05,03,44.6
09,06,05,04,43.7
09,06,05,05,43.7
09,06,05,06,43.7
09,06,05,07,44.6
09,06,05,08,44.6
09,06,05,09,51.8
09,06,05,10,47.3
09,06,05,11,68.9
09,06,05,12,73.4
09,06,05,13,84.2
09,06,05,14,74.3
09,06,05,15,92.3
09,06,05,16,86.9
09,06,05,17,72.5
09,06,05,18,74.3
09,06,05,19,68.9
09,06,05,20,66.2
09,06,05,21,67.1
09,06,05,22,67.1
09,06,05,23,67.1
09,07,05,00,65.3
09,07,05,01,64.4
09,07,05,02,63.5
09,07,05,03,62.6
09,07,05,04,62.6
09,07,05,05,61.7
09,07,05,06,60.8
09,07,05,07,60.8
09,07,05,08,58.1
09,07,05,09,56.3
09,07,05,10,57.2
09,07,05,11,62.6
09,07,05,12,64.4
09,07,05,13,59.9
09,07,05,14,76.1
09,07,05,15,89.6
09,07,05,16,72.5
09,07,05,17,68
09,07,05,18,59.9
09,07,05,19,54.5
09,07,05,20,50
09,07,05,21,45.5
09,07,05,22,41.9
09,07,05,23,41.9
09,08,05,00,41.9
09,08,05,01,41.9
09,08,05,02,41
09,08,05,03,41
09,08,05,04,40.1
09,08,05,05,38.3
09,08,05,06,37.4
09,08,05,07,39.2
09,08,05,08,50.9
09,08,05,09,55.4
09,08,05,10,56.3
09,08,05,11,60.8
09,08,05,12,72.5
09,08,05,13,74.3
09,08,05,14,75.2
09,08,05,15,89.6
09,08,05,16,93.2
09,08,05,17,76.1
09,08,05,18,60.8
09,08,05,19,57.2
09,08,05,20,55.4
09,08,05,21,49.1
09,08,05,22,56.3
09,08,05,23,52.7
09,09,05,00,50.9
09,09,05,01,50
09,09,05,02,49.1
09,09,05,03,48.2
09,09,05,04,46.4
09,09,05,05,43.7
09,09,05,06,43.7
09,09,05,07,42.8
09,09,05,08,47.3
09,09,05,09,52.7
09,09,05,10,53.6
09,09,05,11,61.7
09,09,05,12,57.2
09,09,05,13,52.7
09,09,05,14,48.2
09,09,05,15,37.4
09,09,05,16,43.7
09,09,05,17,41.9
09,09,05,18,38.3
09,09,05,19,40.1
09,09,05,20,41.9
09,09,05,21,44.6
09,09,05,22,47.3
09,09,05,23,44.6
09,10,05,00,44.6
09,10,05,01,44.6
09,10,05,02,44.6
09,10,05,03,44.6
09,10,05,04,44.6
09,10,05,05,44.6
09,10,05,06,43.7
09,10,05,07,44.6
09,10,05,08,50
09,10,05,09,57.2
09,10,05,10,57.2
09,10,05,11,57.2
09,10,05,12,62.6
09,10,05,13,65.3
09,10,05,14,74.3
09,10,05,15,68
09,10,05,16,51.8
09,10,05,17,57.2
09,10,05,18,54.5
09,10,05,19,51.8
09,10,05,20,48.2
09,10,05,21,44.6
09,10,05,22,41.9
09,10,05,23,41.9
09,11,05,00,41.9
09,11,05,01,41.9
09,11,05,02,41.9
09,11,05,03,41.9
09,11,05,04,41
09,11,05,05,40.1
09,11,05,06,41.9
09,11,05,07,39.2
09,11,05,08,35.6
09,11,05,09,38.3
09,11,05,10,41
09,11,05,11,43.7
09,11,05,12,48.2
09,11,05,13,63.5
09,11,05,14,47.3
09,11,05,15,47.3
09,11,05,16,41
09,11,05,17,40.1
09,11,05,18,38.3
09,11,05,19,38.3
09,11,05,20,41
09,11,05,21,48.2
09,11,05,22,56.3
09,11,05,23,60.8
09,12,05,00,55.4
09,12,05,01,50
09,12,05,02,63.5
09,12,05,03,62.6
09,12,05,04,53.6
09,12,05,05,50.9
09,12,05,06,59
09,12,05,07,50
09,12,05,08,38.3
09,12,05,09,40.1
09,12,05,10,41
09,12,05,11,44.6
09,12,05,12,41
09,12,05,13,41.9
09,12,05,14,47.3
09,12,05,15,55.4
09,12,05,16,56.3
09,12,05,17,50.9
09,12,05,18,52.7
09,12,05,19,52.7
09,12,05,20,58.1
09,12,05,21,59.9
09,12,05,22,62.6
09,12,05,23,64.4
